PPID,PP,EAL,SEN,HML,Re,Wr,Ma,Att8Est,Att8Act,Att8Diff,EngEst,EngAct,EngDiff,MathsEst,MathsAct,MathsDiff,EbaccEst,EbaccAct,EbaccDiff
20,0,0,0,3,3.5,3.25,3.25,5.8,6.6,0.74,6,7,1.03,5.9,7,1.13,5.6,5.5,-0.08
844,0,0,0,2,2.5,1.75,3.5,4.9,4.8,-0.11,5.3,6,0.24,4.8,7,2.15,4.5,2,-2.51
407,1,0,0,1,2.5,2.25,1.5,2.8,3.8,0.94,3.4,4,0.63,2.8,3,0.24,1.8,2.7,0.9
327,0,0,0,2,2.25,2.5,2.5,3.7,4.4,0.64,4.2,4,-0.16,3.7,6,1.82,2.9,4,1.09
503,0,0,0,2,2.75,2.25,2.5,3.9,2.3,-1.62,4.3,2,-2.31,3.8,3,-0.81,3.1,0.3,-2.78
851,0,0,0,2,3.25,2.25,2.25,3.7,2.7,-1.06,4.2,3,-1.16,3.7,3,-0.68,2.9,0.5,-2.41
215,0,0,1,2,2.25,1.75,2.5,3.3,3.4,0.09,3.8,4,0.18,3.3,4,0.7,2.4,1,-1.39
415,0,0,0,1,2.5,1.75,1.25,2.5,3.7,1.13,3.1,6,2.39,2.4,3,0.6,1.4,1,-0.45
950,0,0,0,2,2.75,2.25,2.5,3.9,4,0.08,4.3,6,1.19,3.8,4,0.19,3.1,1.3,-1.78
318,0,0,1,2,2.5,2.5,3.5,5.1,2,-3.09,5.4,2,-3.37,5,3,-2.04,4.7,0.7,-4.03
314,1,0,1,1,2.5,1.75,1.25,2.4,1.6,-0.77,2.9,2,-0.93,2.2,2,-0.2,1.3,0,-1.27
543,1,0,0,2,2.75,2.5,2.5,4.1,3.1,-1.09,4.6,4,-0.56,4.1,3,-1.09,3.5,1.8,-1.65
935,1,0,0,2,2.75,1.75,2.5,3.7,1.3,-2.46,4.2,1,-3.16,3.7,2,-1.68,2.9,0.3,-2.58
580,0,0,0,2,2.5,2.75,2.75,4.7,2.5,-2.15,5,2,-3.01,4.6,4,-0.57,4.2,0.7,-3.49
278,0,0,0,3,3.5,2.5,3.25,6.1,5.5,-0.64,6.2,7,0.77,6.3,6,-0.78,6,5,-0.98
427,0,0,0,2,3.25,2.5,2.25,3.9,3.1,-0.82,4.3,4,-0.31,3.8,3,-0.81,3.1,1.3,-1.78
172,0,0,0,3,3.5,3.25,3.25,6.5,4.8,-1.69,6.5,6,-1.02,6.7,4,-2.7,6.4,4.2,-2.22
113,0,0,0,3,3.5,3.5,2.75,5.8,3.9,-1.91,6,6,-0.47,5.9,3,-2.87,5.6,2.3,-3.25
109,0,0,0,2,2.5,2.75,2.5,4.1,3.5,-0.69,4.6,6,0.94,4.1,4,-0.09,3.5,1,-2.48
66,0,0,1,2,3.25,2.5,3.25,4.9,2.1,-2.88,5.3,4,-1.26,4.8,3,-1.85,4.5,0.7,-3.85
261,0,0,0,2,1.25,2.25,2.5,3.3,2.4,-0.91,3.8,2,-1.82,3.3,4,0.7,2.4,0,-2.39
390,0,0,0,3,3.5,2.75,2.75,5.1,5.7,0.56,5.4,7,1.63,5,4,-1.04,4.7,5.5,0.8
216,0,0,1,3,3.5,2.75,3.25,5.5,3.8,-1.71,5.7,4,-1.73,5.5,4,-1.52,5.2,2.3,-2.88
962,0,0,0,3,3.5,3.25,3.5,6.4,5.2,-1.21,6.5,6,-1,6.5,6,-1.01,6.3,4,-2.26
881,0,0,0,2,2.75,1.75,2.5,3.5,2.6,-0.91,4,3,-0.99,3.5,3,-0.49,2.6,0.7,-1.97
599,1,0,0,2,3.25,2.75,2.5,4.7,3.5,-1.15,5,4,-1.01,4.6,4,-0.57,4.2,1.3,-2.82
56,1,0,0,1,1.5,1.25,2.5,2.8,2.5,-0.31,3.4,2,-1.37,2.8,3,0.24,1.8,0.5,-1.26
914,0,0,0,2,2.5,1.75,2.25,3.3,2.8,-0.51,3.8,3,-0.82,3.3,4,0.7,2.4,0.7,-1.72
854,0,0,0,2,2.25,2.25,2.5,3.7,2.2,-1.51,4.2,3,-1.16,3.7,2,-1.68,2.9,1,-1.91
237,0,0,1,1,2.5,1.75,1.5,2.7,2.5,-0.21,3.2,2,-1.23,2.6,3,0.42,1.6,1,-0.59
191,0,0,0,2,3.25,2.75,1.5,3.5,3.2,-0.31,4,6,1.51,3.5,3,-0.49,2.6,1,-1.64
457,0,0,0,2,3.25,2.5,1.5,3.1,2.8,-0.39,3.6,3,-0.64,3.1,3,-0.13,2.2,0.7,-1.51
377,0,0,0,2,3.25,2.75,1.75,3.7,3.3,-0.46,4.2,4,-0.16,3.7,3,-0.68,2.9,0.7,-2.25
897,0,0,0,3,3.25,2.75,3.25,5.1,4.2,-0.94,5.4,6,0.13,5,4,-1.04,4.7,2,-2.7
698,1,0,0,2,2.75,2.25,2.5,4.1,2.9,-1.24,4.6,3,-1.56,4.1,4,-0.09,3.5,1.3,-2.15
854,1,1,0,3,3.5,3.75,3.75,7.3,5.7,-1.62,7.2,7,-0.21,7.5,6,-2.01,7.3,6,-1.27
80,0,0,0,2,2.5,2.25,1.75,3.1,3.9,0.71,3.6,6,1.86,3.1,3,-0.13,2.2,0.7,-1.51
616,0,0,0,2,2.5,2.5,2.75,4.1,3.7,-0.44,4.6,3,-1.56,4.1,4,-0.09,3.5,2.7,-0.81
568,0,0,0,2,3.5,3.25,2.5,4.9,4.6,-0.33,5.3,6,0.24,4.8,4,-0.85,4.5,3,-1.51
231,0,0,0,3,3.25,2.75,3.25,6.1,6.1,-0.04,6.2,7,0.77,6.3,7,0.72,6,5,-0.98
200,0,0,0,3,3.5,2.75,3.25,5.8,4.4,-1.41,6,4,-1.97,5.9,6,-0.37,5.6,2.3,-3.25
157,0,0,0,2,2.5,2.5,2.5,3.9,4,0.16,4.3,6,1.19,3.8,4,0.19,3.1,1.3,-1.78
658,0,0,0,2,3.25,2.5,3.25,4.9,6,1.02,5.3,4,-1.26,4.8,7,2.15,4.5,7,2.49
846,0,0,0,1,1.75,1.5,2.25,2.8,2.3,-0.51,3.4,4,0.63,2.8,2,-0.76,1.8,0.7,-1.1
89,1,0,0,2,2.5,1.5,2.5,3.5,1.5,-2.01,4,2,-2.49,3.5,2,-1.49,2.6,0,-2.64
89,1,0,1,2,2.5,2.25,2.5,3.7,2.3,-1.41,4.2,3,-1.16,3.7,3,-0.68,2.9,0.7,-2.25
232,0,0,0,2,3.5,3.25,2.5,4.9,7,2.07,5.3,7,1.74,4.8,7,2.15,4.5,7,2.49
961,0,0,0,3,3.5,2.75,3.25,6.5,6.6,0.06,6.5,6,-1.02,6.7,7,0.3,6.4,7,0.61
577,0,0,0,2,2.5,2.5,2.5,3.9,4.7,0.83,4.3,6,1.19,3.8,4,0.19,3.1,2.3,-0.78
860,0,0,1,1,1.75,2.25,1.5,2.5,2,-0.57,3.1,2,-1.11,2.4,3,0.6,1.4,0,-1.45
609,1,0,0,3,3.5,2.75,3.75,6.4,4.6,-1.81,6.5,4,-2.5,6.5,6,-1.01,6.3,4.5,-1.76
671,0,0,0,2,2.5,1.75,3.25,4.1,4,-0.14,4.6,3,-1.56,4.1,7,2.91,3.5,2.7,-0.81
390,1,0,0,2,3.5,3.25,2.5,4.9,4.5,-0.41,5.3,6,0.24,4.8,4,-0.85,4.5,4,-0.51
904,0,0,0,2,2.75,2.5,3.25,4.9,2.8,-2.18,5.3,3,-2.26,4.8,4,-0.85,4.5,0.5,-4.01
85,1,0,0,2,3.25,2.75,2.25,4.1,4.7,0.56,4.6,6,0.94,4.1,4,-0.09,3.5,3.3,-0.15
162,1,0,0,2,2.75,2.5,2.5,3.9,3.4,-0.52,4.3,4,-0.31,3.8,3,-0.81,3.1,2,-1.11
924,0,0,0,2,2.25,2.25,2.25,3.1,4.1,0.91,3.6,3,-0.64,3.1,4,0.87,2.2,3.3,1.16
710,1,0,0,2,3.25,2.5,2.75,4.4,3.3,-1.15,4.8,4,-0.8,4.3,3,-1.3,3.8,0.7,-3.16
725,1,0,0,2,2.75,2.25,2.5,3.9,2.8,-1.07,4.3,3,-1.31,3.8,3,-0.81,3.1,2,-1.11
534,0,0,0,1,1.75,1.5,2.25,2.8,2.2,-0.61,3.4,2,-1.37,2.8,3,0.24,1.8,0.3,-1.43
295,0,0,0,2,2.75,2.5,1.5,3.1,3.9,0.71,3.6,4,0.36,3.1,4,0.87,2.2,2,-0.18
245,0,0,0,2,2.25,1.75,2.25,3.1,2.3,-0.89,3.6,2,-1.64,3.1,3,-0.13,2.2,1.2,-1.01
852,1,1,0,2,2.5,2.75,2.5,4.1,4.6,0.41,4.6,6,0.94,4.1,4,-0.09,3.5,2.8,-0.65
223,0,0,0,2,2.75,2.5,2.5,4.1,4.5,0.31,4.6,4,-0.56,4.1,4,-0.09,3.5,3,-0.48
692,1,0,0,2,2.5,2.5,2.75,4.4,4.9,0.45,4.8,6,0.7,4.3,6,1.2,3.8,2.3,-1.49
426,0,1,0,2,2.75,2.25,3.5,4.9,4.2,-0.78,5.3,4,-1.26,4.8,7,2.15,4.5,2.7,-1.85
578,1,0,0,2,2.5,1.75,2.5,3.5,5.8,2.29,4,6,1.51,3.5,6,2.01,2.6,5,2.36
354,0,0,0,2,3.25,2.75,2.75,4.7,6.9,2.2,5,7,1.99,4.6,7,2.43,4.2,6,1.85
543,0,0,1,3,3.5,3.25,3.25,6.5,5.8,-0.69,6.5,7,0.48,6.7,6,-1.2,6.4,4.5,-1.89
711,1,0,0,2,2.75,2.75,2.5,4.1,4.4,0.21,4.6,6,0.94,4.1,3,-1.09,3.5,3.3,-0.15
14,1,0,1,1,1.25,1.75,1.5,2.4,2.3,-0.09,2.9,2,-0.93,2.2,3,0.8,1.3,0,-1.27
561,0,0,0,1,2.5,1.75,1.25,2.4,2.8,0.38,2.9,3,0.07,2.2,3,0.8,1.3,0.7,-0.61
194,0,0,0,2,2.25,2.5,2.5,3.7,2.5,-1.26,4.2,2,-2.16,3.7,4,0.32,2.9,0.7,-2.25
84,1,1,0,2,1.75,2.25,2.25,2.9,3,0.02,3.5,4,0.54,2.9,4,1.13,1.9,0,-1.91
623,1,0,0,2,2.5,2.25,1.75,2.9,3.5,0.52,3.5,2,-1.46,2.9,4,1.13,1.9,2.5,0.59
811,1,0,0,1,2.5,1.75,1.75,2.9,4.1,1.17,3.5,4,0.54,2.9,4,1.13,1.9,2.3,0.43
697,1,0,1,2,2.75,2.25,2.5,3.7,3.6,-0.16,4.2,4,-0.16,3.7,4,0.32,2.9,2,-0.91
637,0,0,0,3,2.75,2.25,3.5,5.5,3.8,-1.76,5.7,3,-2.73,5.5,6,-0.02,5.2,2.7,-2.55
561,0,0,0,1,1.75,1.25,1.25,2,1.8,-0.22,2.6,2,-0.61,1.8,2,0.24,1,0,-0.97
748,1,0,0,2,3.25,2.75,2.25,3.9,3.2,-0.72,4.3,3,-1.31,3.8,3,-0.81,3.1,1,-2.11
334,0,0,0,3,3.5,3.5,3.5,7.3,4.9,-2.42,7.2,7,-0.21,7.5,3,-4.51,7.3,3,-4.27
534,0,0,0,2,2.25,2.75,1.5,3.1,3.6,0.41,3.6,4,0.36,3.1,4,0.87,2.2,2,-0.18
105,0,0,0,3,3.25,3.25,3.5,6.5,4.7,-1.79,6.5,4,-2.52,6.7,6,-1.2,6.4,2.3,-4.05
295,1,0,0,3,3.25,1.75,3.75,5.1,5.7,0.61,5.4,6,0.13,5,8,3.46,4.7,3.7,-1.03
824,1,0,0,1,1.5,1.5,1.5,2.2,2.2,-0.04,2.8,2,-0.82,2,3,0.98,1.2,0,-1.16
4,0,0,0,2,3.5,3.25,2.5,5.1,4.5,-0.64,5.4,7,1.63,5,4,-1.04,4.7,2,-2.7
287,0,0,0,2,2.25,2.25,2.5,3.5,3.2,-0.31,4,6,1.51,3.5,3,-0.49,2.6,0,-2.64
259,1,0,0,2,2.75,2.75,2.5,4.1,3,-1.19,4.6,4,-0.56,4.1,4,-0.09,3.5,0.5,-2.98
595,0,0,1,1,2.25,1.5,1.75,2.5,3,0.48,3.1,2,-1.11,2.4,4,1.6,1.4,1,-0.45
812,0,0,0,1,1.25,1.5,1.75,2.4,1.9,-0.47,2.9,2,-0.93,2.2,2,-0.2,1.3,0,-1.27
183,0,0,0,1,2.5,2.25,1.5,2.8,3.4,0.56,3.4,4,0.63,2.8,2,-0.76,1.8,2,0.24
811,0,0,0,2,3.25,2.25,2.75,4.4,4,-0.4,4.8,6,0.7,4.3,4,-0.3,3.8,2,-1.83
145,1,0,0,2,3.25,1.5,3.25,4.9,2.4,-2.53,5.3,3,-2.26,4.8,3,-1.85,4.5,1,-3.51
594,0,0,1,2,2.25,1.25,2.5,3.1,4.2,1.06,3.6,4,0.36,3.1,6,2.37,2.2,2.7,0.49
937,0,0,0,2,3.25,2.75,2.5,4.7,5,0.3,5,4,-1.01,4.6,7,2.43,4.2,3.7,-0.49
1030,0,0,0,3,3.25,2.25,3.5,5.5,4.5,-1.01,5.7,4,-1.73,5.5,7,1.48,5.2,2.7,-2.55
142,0,0,0,2,3.25,2.75,2.25,4.1,3.2,-0.99,4.6,4,-0.56,4.1,3,-1.09,3.5,1.7,-1.81
622,1,0,0,3,3.5,3.5,3.5,6.4,5.8,-0.61,6.5,7,0.5,6.5,6,-1.01,6.3,5,-1.26
382,0,0,0,2,3.5,3.25,2.5,4.9,5.2,0.22,5.3,8,3.24,4.8,3,-1.85,4.5,3,-1.51
831,0,0,0,3,3.25,3.25,3.25,5.8,5.7,-0.16,6,6,-0.47,5.9,4,-1.87,5.6,5.5,-0.08
272,0,0,0,2,2.5,2.25,2.25,3.5,2.3,-1.21,4,2,-1.99,3.5,3,-0.49,2.6,0.7,-1.97
1,0,0,0,2,3.5,2.5,2.75,5.1,4.9,-0.19,5.4,6,0.13,5,4,-1.04,4.7,4.5,-0.2
671,0,0,0,2,2.75,2.5,2.5,3.9,4.6,0.68,4.3,7,2.69,3.8,4,0.19,3.1,2.3,-0.78
947,0,0,0,2,2.75,2.75,2.5,4.4,3.7,-0.7,4.8,4,-0.8,4.3,4,-0.3,3.8,2,-1.83
96,0,0,0,2,2.75,2.75,2.5,4.1,4.1,-0.09,4.6,6,0.94,4.1,3,-1.09,3.5,2.3,-1.15
23,0,0,0,2,2.5,2.25,2.75,4.1,4.5,0.36,4.6,4,-0.56,4.1,6,1.41,3.5,3.7,0.19
846,0,0,0,3,2.75,2.25,3.25,5.1,3.5,-1.64,5.4,4,-1.37,5,4,-1.04,4.7,2,-2.7
396,0,0,0,2,2.75,2.5,2.75,4.4,3.5,-0.95,4.8,3,-1.8,4.3,4,-0.3,3.8,1.3,-2.49
695,1,0,0,2,1.75,2.25,2.25,2.9,1.7,-1.26,3.5,2,-1.46,2.9,3,0.13,1.9,0,-1.91
411,1,0,0,3,3.5,2.75,3.25,6.1,5,-1.19,6.2,6,-0.73,6.3,6,-0.78,6,3.2,-2.82
538,0,0,0,2,2.75,2.5,1.5,2.9,3.5,0.57,3.5,4,0.54,2.9,3,0.13,1.9,1,-0.91
173,0,0,0,3,3.25,1.75,3.25,5.1,4.9,-0.19,5.4,4,-1.37,5,7,1.96,4.7,4.5,-0.2
903,0,1,1,2,2.75,1.75,2.75,4.1,2.5,-1.69,4.6,2,-2.56,4.1,4,-0.09,3.5,0,-3.48
378,0,0,0,2,3.25,2.5,1.75,3.5,2.9,-0.66,4,3,-0.99,3.5,3,-0.49,2.6,1.5,-1.14
995,0,0,0,2,3.25,1.75,3.25,4.7,5.6,0.95,5,3,-2.01,4.6,7,2.43,4.2,5,0.85
196,1,1,0,2,3.25,2.25,3.25,4.9,4,-0.98,5.3,3,-2.26,4.8,4,-0.85,4.5,3,-1.51
128,0,0,0,2,2.5,1.75,1.75,2.9,4.9,1.97,3.5,6,2.04,2.9,4,1.13,1.9,4.5,2.59
789,1,0,1,1,2.25,1.5,1.5,2.4,1.2,-1.22,2.9,2,-1.43,2.2,2,-0.2,1.3,0,-1.27
369,1,0,0,2,2.75,2.25,3.25,4.9,4.9,-0.08,5.3,6,0.24,4.8,7,2.15,4.5,1.3,-3.18
122,1,0,0,2,3.5,2.5,2.75,5.1,4.3,-0.84,5.4,4,-1.37,5,4,-1.04,4.7,2.3,-2.37
540,1,1,0,2,2.75,2.5,1.75,3.3,4.6,1.24,3.8,6,1.68,3.3,4,0.7,2.4,2.8,0.45
306,1,0,1,1,1.5,1.75,1.5,2.5,2.3,-0.22,3.1,2,-1.11,2.4,3,0.6,1.4,1,-0.45
639,0,0,0,3,3.25,2.75,3.5,5.8,4.1,-1.76,6,4,-1.97,5.9,4,-1.87,5.6,2.7,-2.92
716,0,0,0,3,3.5,2.75,3.25,6.1,4,-2.14,6.2,6,-0.73,6.3,4,-2.28,6,2,-3.98
240,0,0,0,1,2.5,1.5,1.5,2.7,2.6,-0.06,3.2,3,-0.23,2.6,3,0.42,1.6,1,-0.59
151,0,1,0,1,2.25,2.5,1.5,2.8,3,0.19,3.4,3,-0.37,2.8,3,0.24,1.8,1,-0.76
421,0,0,0,2,2.5,2.25,2.5,3.7,4.8,1.04,4.2,4,-0.16,3.7,6,1.82,2.9,4.5,1.59
935,1,0,0,1,2.25,1.75,1.5,2.7,2.7,-0.01,3.2,3,-0.23,2.6,3,0.42,1.6,1.5,-0.09
294,0,0,1,2,3.25,1.75,2.5,3.9,3.3,-0.62,4.3,2,-2.31,3.8,4,0.19,3.1,2.7,-0.45
580,1,0,0,2,3.25,2.5,2.5,4.4,5.1,0.65,4.8,4,-0.8,4.3,4,-0.3,3.8,4.5,0.67
522,0,1,0,2,2.75,2.5,2.5,4.1,3.4,-0.79,4.6,6,0.94,4.1,3,-1.09,3.5,0.5,-2.98
722,0,1,0,2,2.25,1.5,2.5,3.3,2.2,-1.11,3.8,3,-0.82,3.3,2,-1.3,2.4,0.3,-2.05
392,1,0,0,1,2.5,2.75,1.25,2.9,3.7,0.77,3.5,4,0.54,2.9,4,1.13,1.9,0,-1.91
940,1,0,1,2,1.75,2.25,2.25,3.1,3.2,0.06,3.6,3,-0.64,3.1,4,0.87,2.2,2.3,0.16
180,0,0,0,3,3.25,2.75,3.25,5.5,4.8,-0.71,5.7,4,-1.73,5.5,4,-1.52,5.2,3.7,-1.55
752,1,1,0,2,2.5,2.25,3.25,4.1,4.7,0.51,4.6,4,-0.56,4.1,7,2.91,3.5,3.2,-0.31
618,0,1,0,3,3.25,2.5,3.25,5.5,5,-0.56,5.7,6,-0.23,5.5,6,-0.02,5.2,3.7,-1.55
866,0,0,1,2,1.75,1.5,2.5,3.1,2,-1.14,3.6,3,-0.64,3.1,3,-0.13,2.2,0,-2.18
773,1,0,0,2,2.5,1.75,2.5,3.7,3.1,-0.66,4.2,4,-0.16,3.7,3,-0.68,2.9,1.3,-1.58
236,0,0,0,2,3.5,3.25,2.5,4.9,4,-0.98,5.3,4,-1.26,4.8,3,-1.85,4.5,2,-2.51
500,1,0,0,3,3.25,2.5,3.5,5.8,5.3,-0.56,6,4,-1.97,5.9,7,1.13,5.6,3.2,-2.42
997,0,0,0,2,2.5,2.5,2.5,3.9,4.2,0.28,4.3,6,1.19,3.8,4,0.19,3.1,2,-1.11
568,1,0,1,2,3.25,2.25,2.25,3.7,2.4,-1.31,4.2,3,-1.16,3.7,3,-0.68,2.9,0,-2.91
83,0,0,1,2,2.5,1.75,2.25,3.3,1.9,-1.41,3.8,2,-1.82,3.3,3,-0.3,2.4,0.7,-1.72
356,0,0,0,2,3.25,2.25,2.75,4.4,2.4,-2,4.8,2,-3.3,4.3,3,-1.3,3.8,1,-2.83
1037,0,0,0,2,2.5,2.25,1.75,3.1,3.2,0.01,3.6,3,-0.64,3.1,3,-0.13,2.2,1,-1.18
144,0,0,0,2,2.5,2.25,2.5,3.9,3.7,-0.17,4.3,4,-0.31,3.8,4,0.19,3.1,2,-1.11
765,0,0,0,2,3.25,1.75,3.25,4.7,5,0.35,5,6,0.49,4.6,6,0.93,4.2,3.3,-0.82
892,1,0,0,1,2.25,1.75,1.75,2.7,2.2,-0.46,3.2,3,-0.23,2.6,2,-0.58,1.6,0,-1.59
555,0,0,1,2,2.75,2.25,2.25,3.5,2.2,-1.36,4,2,-1.99,3.5,2,-1.49,2.6,0.7,-1.97
971,0,0,1,1,1.25,1.75,1.75,2.7,2.6,-0.11,3.2,3,-0.23,2.6,3,0.42,1.6,0,-1.59
96,1,0,0,2,3.25,2.5,2.5,4.4,4,-0.4,4.8,6,0.7,4.3,3,-1.3,3.8,2.7,-1.16
505,0,0,0,2,3.25,2.75,2.5,4.4,3.1,-1.35,4.8,3,-1.8,4.3,4,-0.3,3.8,1,-2.83
33,0,0,1,3,3.5,2.75,3.25,6.1,6.9,0.71,6.2,7,0.77,6.3,8,2.22,6,6,0.02
1014,0,0,0,2,3.25,2.75,2.5,4.7,3.8,-0.85,5,3,-2.01,4.6,3,-1.57,4.2,3.7,-0.49
1012,0,0,0,1,2.25,1.25,1.75,2.6,4.6,1.95,3.1,6,2.43,2.2,4,1.77,1.9,3.3,1.45
546,1,0,0,2,2.25,1.75,2.5,3.7,3.7,0.03,4,3,-1.03,3.5,3,-0.47,3.1,3.7,0.59
81,0,0,0,1,1.25,1.5,1.5,2.3,5.2,2.85,2.8,7,4.19,2,4,2.05,1.6,3,1.36
429,0,0,0,2,2.5,2.25,3.25,4.5,3.7,-0.82,4.8,1,-4.06,4.3,7,2.65,4.1,3.2,-0.91
400,1,0,0,2,2.5,2.25,2.25,3.3,2.3,-1.07,3.7,2,-1.7,3.1,3,-0.1,2.7,1.2,-1.49
610,0,0,0,2,2.5,2.25,2.5,4,3.1,-0.95,4.4,3,-1.37,3.9,4,0.12,3.5,2.3,-1.19
1008,0,1,0,2,3.25,3.25,2.75,5,5.5,0.43,5.3,7,1.73,4.9,4,-0.89,4.7,3.3,-1.34
1003,0,0,1,2,2.75,2.25,2.75,4.5,3.7,-0.82,4.8,6,0.69,4.3,3,-1.35,4.1,3.3,-0.74
17,0,0,0,2,2.75,2.5,3.25,5,4.4,-0.62,5.3,6,0.23,4.9,4,-0.89,4.7,3.3,-1.34
779,0,0,1,2,2.75,2.5,2.75,4.5,3.9,-0.67,4.8,6,0.69,4.3,3,-1.35,4.1,2.2,-1.91
449,0,1,0,1,1.5,1.25,1.25,2.1,2.9,0.71,2.6,3,0.41,1.7,4,2.33,1.4,2.2,0.73
442,0,0,0,3,3.75,3.5,3.5,6.8,7.2,0.3,6.8,8,1.65,7,7,-0.02,6.8,7,0.21
329,1,0,0,2,2.5,3.25,2.25,4,2.9,-1.17,4.4,7,2.63,3.9,2,-1.88,3.5,1,-2.52
580,0,0,0,3,3.25,3.5,3.25,5.9,5.8,-0.06,6,7,1.02,5.9,6,-0.4,5.7,5.5,-0.16
308,0,0,0,2,2.75,2.5,2.75,4.5,4.5,-0.07,4.8,6,0.69,4.3,4,-0.35,4.1,4,-0.07
817,0,0,0,3,3.5,3.25,3.25,6.2,3.8,-2.42,6.2,4,-2.22,6.3,3,-3.29,6,3.7,-2.34
444,0,1,0,2,3.25,2.5,2.75,4.8,4.6,-0.22,5,6,0.45,4.6,4,-0.6,4.4,3.3,-1.04
401,0,0,0,1,1.75,1.25,1.5,2.5,3.2,0.69,2.9,3,0.09,2.1,3,0.91,1.8,1.8,0.08
645,1,0,0,3,3.25,2.75,3.5,5.9,3.9,-1.96,6,6,-0.48,5.9,4,-1.9,5.7,3,-2.66
947,1,0,0,3,3.5,2.75,3.5,6.5,3.2,-3.31,6.5,4,-2.53,6.7,3,-3.67,6.4,2,-4.4
1034,0,0,0,3,3.25,2.5,3.5,5.6,7.3,1.73,5.7,7,1.26,5.5,8,2.96,5.3,7,1.68
922,1,0,0,3,3.5,3.25,3.25,5.6,4.5,-1.12,5.7,6,-0.24,5.5,4,-1.54,5.3,3,-2.32
643,0,0,1,2,2.75,2.25,2.75,4.5,2.5,-2.02,4.8,4,-0.81,4.3,4,-0.35,4.1,1.8,-2.24
949,0,0,0,3,2.5,2.75,3.5,5.6,3.7,-1.92,5.7,6,-0.24,5.5,4,-1.54,5.3,1.5,-3.82
339,1,0,1,2,2.5,2.5,3.25,4.5,3.2,-1.37,4.8,4,-0.81,4.3,3,-1.35,4.1,0.7,-3.41
133,0,0,0,2,2.25,1.75,2.75,3.9,3.8,-0.06,4.2,4,-0.19,3.7,4,0.32,3.3,2.3,-0.98
553,0,0,0,3,3.25,2.75,3.5,5.9,4.8,-1.06,6,6,-0.48,5.9,4,-1.9,5.7,4.2,-1.49
638,1,0,0,2,2.75,3.25,2.5,4.8,4.5,-0.32,5,4,-1.05,4.6,4,-0.6,4.4,5.2,0.79
956,0,0,1,2,1.75,2.25,2.5,3.5,3,-0.49,3.9,3,-0.86,3.3,3,-0.28,2.9,1.7,-1.2
688,0,0,0,2,2.25,2.5,1.75,3.2,3.7,0.53,3.6,4,0.43,2.9,4,1.08,2.5,1.5,-1
942,0,0,0,2,2.25,2.25,2.25,3.3,3.1,-0.27,3.7,4,0.3,3.1,3,-0.1,2.7,1.8,-0.83
834,0,0,0,2,2.75,2.25,1.5,3.2,2.7,-0.52,3.6,3,-0.57,2.9,3,0.08,2.5,1.2,-1.34
263,1,0,1,2,2.25,1.25,2.75,3.3,2.7,-0.62,3.7,3,-0.7,3.1,4,0.9,2.7,1.3,-1.33
369,0,0,0,2,2.75,2.5,2.25,4,3.8,-0.25,4.4,6,1.13,3.9,3,-0.88,3.5,2,-1.52
886,1,0,1,2,1.75,1.5,2.5,3.5,5.2,1.66,3.9,7,3.14,3.3,6,2.22,2.9,3.3,0.47
999,0,0,0,2,2.75,2.25,2.75,4.3,4.3,-0.04,4.6,6,0.91,4.1,4,-0.11,3.8,3.7,-0.14
816,0,0,0,2,1.75,1.75,2.75,3.9,4.2,0.34,4.2,3,-1.19,3.7,7,3.32,3.3,4,0.69
486,0,0,0,3,3.25,2.5,3.5,5.9,3.5,-2.41,6,3,-2.98,5.9,4,-1.9,5.7,2.5,-3.16
517,0,0,0,3,3.5,2.5,3.5,6.2,3.4,-2.77,6.2,4,-2.22,6.3,6,-0.79,6,2.7,-3.34
207,0,0,0,2,3.25,2.5,3.25,5.3,4.3,-1.02,5.5,6,0.03,5.2,4,-1.2,5,2.8,-2.12
251,1,0,0,2,2.5,2.5,2.75,4.5,5.5,0.98,4.8,4,-0.81,4.3,6,1.15,4.1,4.5,0.43
598,0,0,0,2,2.5,1.75,2.5,3.9,3.8,-0.11,4.2,6,1.31,3.7,4,0.32,3.3,1.7,-1.64
704,0,0,0,2,2.5,2.25,2.5,4,4.4,0.35,4.4,6,1.13,3.9,3,-0.88,3.5,4,0.48
964,0,0,0,3,2.75,2.75,3.5,5.6,4.7,-0.87,5.7,6,-0.24,5.5,4,-1.54,5.3,3.3,-1.99
424,0,0,0,1,1.75,1.75,2.25,3.2,2.7,-0.47,3.6,3,-0.57,2.9,4,1.08,2.5,2,-0.5
125,1,0,1,2,2.5,2.25,2.5,3.7,2.9,-0.82,4,4,-0.03,3.5,3,-0.47,3.1,1.5,-1.58
881,1,0,1,2,2.75,2.5,3.25,5.3,4.5,-0.77,5.5,4,-1.47,5.2,6,0.3,5,4.5,-0.46
6,0,0,0,2,3.25,1.75,2.25,4,4.7,0.6,4.4,6,1.13,3.9,4,0.12,3.5,4.5,0.98
681,0,0,0,2,2.75,1.25,2.5,3.5,4.1,0.56,3.9,7,3.14,3.3,3,-0.28,2.9,1.8,-1.03
772,0,0,0,3,3.25,2.75,3.5,6.2,6,-0.22,6.2,7,0.78,6.3,6,-0.79,6,5.5,-0.51
805,0,0,0,2,2.25,2.5,2.5,3.9,4,0.14,4.2,4,-0.19,3.7,3,-0.68,3.3,4,0.69
306,0,0,0,2,2.75,2.25,3.25,5,4.5,-0.57,5.3,4,-1.27,4.9,6,0.61,4.7,4,-0.68
457,0,0,0,2,2.25,2.25,2.5,3.9,4.2,0.29,4.2,4,-0.19,3.7,4,0.32,3.3,4,0.69
407,0,0,1,1,1.25,2.25,1.75,2.7,3.8,1.02,3.2,4,0.81,2.4,3,0.63,2,2.3,0.33
567,0,0,0,2,2.75,2.5,2.5,4,3.8,-0.25,4.4,4,-0.37,3.9,4,0.12,3.5,2.8,-0.69
575,1,0,0,2,2.75,1.75,2.75,4.5,2,-2.57,4.8,2,-3.31,4.3,3,-1.35,4.1,1.3,-2.74
527,1,0,0,3,3.25,3.25,3.25,5.6,7,1.43,5.7,8,2.76,5.5,7,1.46,5.3,6.5,1.18
401,0,0,1,3,3.5,2.25,3.25,5.3,3.8,-1.52,5.5,4,-1.47,5.2,4,-1.2,5,2.7,-2.29
859,1,0,0,3,3.25,2.5,3.75,6.2,4.2,-1.97,6.2,6,-0.72,6.3,4,-2.29,6,2.7,-3.34
855,0,0,0,2,2.25,2.5,2.25,3.7,3.1,-0.57,4,4,-0.03,3.5,3,-0.47,3.1,2.7,-0.41
3,1,0,0,2,2.75,1.75,2.75,4.3,2.7,-1.64,4.6,2,-2.59,4.1,3,-1.11,3.8,1.7,-2.14
924,1,0,0,2,2.5,1.75,2.5,3.9,2.5,-1.41,4.2,3,-1.19,3.7,3,-0.68,3.3,1.2,-2.14
918,0,0,0,2,3.25,2.25,2.75,4.5,5.1,0.58,4.8,6,0.69,4.3,6,1.15,4.1,4.2,0.09
26,0,0,1,1,2.25,1.75,1.25,2.6,2.6,-0.02,3.1,6,2.43,2.2,2,-0.23,1.9,1.5,-0.39
749,1,1,0,2,2.5,2.25,1.75,3.5,3.3,-0.24,3.9,4,0.14,3.3,3,-0.28,2.9,2,-0.86
193,0,0,0,3,2.75,2.75,3.75,6.2,3.7,-2.47,6.2,6,-0.72,6.3,4,-2.29,6,2,-4.01
280,0,0,0,1,1.75,2.5,1.5,3,3.1,0.01,3.5,3,-0.46,2.7,3,0.25,2.3,1.7,-0.68
397,0,0,0,2,3.25,2.25,2.75,5,5.8,0.78,5.3,7,1.73,4.9,4,-0.89,4.7,5,0.32
550,0,0,0,3,3.25,2.75,3.75,6.2,5.4,-0.82,6.2,4,-2.22,6.3,7,0.71,6,5,-1.01
507,0,0,0,2,3.5,2.5,2.25,4.5,4.1,-0.42,4.8,4,-0.81,4.3,4,-0.35,4.1,2.8,-1.24
705,1,0,1,2,3.25,2.25,2.75,4.8,2.8,-2.02,5,3,-2.05,4.6,3,-1.6,4.4,2.5,-1.87
954,0,0,1,2,2.5,1.75,3.25,4.3,5.7,1.36,4.6,4,-0.59,4.1,8,4.39,3.8,6.5,2.69
342,0,1,0,2,2.25,2.25,2.5,3.7,5.5,1.83,4,6,1.47,3.5,7,3.53,3.1,4.5,1.42
372,1,0,0,3,3.25,2.75,3.25,5.6,6.3,0.68,5.7,6,-0.24,5.5,6,-0.04,5.3,7,1.68
618,0,1,0,2,2.5,2.5,3.25,5,7.5,2.43,5.3,6,0.23,4.9,8,3.61,4.7,8.5,3.82
857,0,0,0,2,3.25,2.25,3.25,5,5.4,0.33,5.3,6,0.23,4.9,6,0.61,4.7,6,1.32
712,0,0,0,2,2.25,2.5,1.75,3.3,5.7,2.33,3.7,6,1.8,3.1,4,0.9,2.7,7,4.34
219,0,0,0,2,2.5,2.25,3.5,5,3.9,-1.17,5.3,6,0.23,4.9,4,-0.89,4.7,1.8,-2.84
644,0,0,1,1,1.75,1.5,2.25,3.2,2.3,-0.87,3.6,3,-0.57,2.9,3,0.08,2.5,1,-1.5
520,0,0,0,2,2.5,2.5,2.5,4,2.6,-1.45,4.4,4,-0.37,3.9,3,-0.88,3.5,1.5,-2.02
535,1,0,0,2,3.5,2.25,2.5,4.5,4.6,0.03,4.8,6,0.69,4.3,4,-0.35,4.1,3.3,-0.74
492,1,0,0,2,2.25,1.5,2.25,3.2,3.9,0.73,3.6,6,1.93,2.9,3,0.08,2.5,2.3,-0.17
300,1,0,0,2,3.5,2.5,2.25,4.3,4.6,0.26,4.6,7,2.41,4.1,4,-0.11,3.8,3.3,-0.48
828,1,0,1,2,2.75,1.5,2.5,3.7,2.5,-1.17,4,2,-2.03,3.5,3,-0.47,3.1,2.2,-0.91
100,0,0,0,2,2.5,2.5,2.5,4.3,3.5,-0.84,4.6,6,0.91,4.1,3,-1.11,3.8,1.7,-2.14
315,0,0,0,2,3.25,3.25,2.75,5.3,6.4,1.13,5.5,6,0.03,5.2,6,0.3,5,7,2.04
44,0,0,0,2,2.5,2.5,2.25,3.7,4,0.28,4,4,-0.03,3.5,4,0.53,3.1,2.3,-0.75
351,0,0,0,2,2.75,2.25,2.5,4,2.7,-1.35,4.4,4,-0.37,3.9,3,-0.88,3.5,2,-1.52
469,0,1,0,2,2.75,2.25,2.75,4.5,6.7,2.18,4.8,7,2.19,4.3,7,2.65,4.1,7,2.93
791,0,0,0,3,3.5,3.5,3.75,7.6,7.2,-0.44,7.5,7,-0.54,7.8,8,0.75,7.6,7.5,-0.09
1036,0,0,0,2,3.25,2.5,2.5,4.3,1.7,-2.59,4.6,3,-1.59,4.1,3,-1.11,3.8,0.3,-3.48
250,0,0,0,2,2.75,2.75,2.5,4.3,2.2,-2.14,4.6,3,-1.59,4.1,2,-2.11,3.8,1.2,-2.64
12,1,0,0,2,2.75,2.5,2.75,4.8,2.4,-2.37,5,3,-2.05,4.6,3,-1.6,4.4,1.3,-3.04
22,0,0,0,2,3.25,2.25,2.75,4.8,5.5,0.73,5,6,0.45,4.6,6,0.9,4.4,5.5,1.13
174,0,0,0,2,2.75,2.75,3.25,5,2.5,-2.52,5.3,3,-2.27,4.9,3,-1.89,4.7,1.7,-3.01
723,0,0,1,2,2.75,1.75,2.75,4.5,3.6,-0.92,4.8,4,-0.81,4.3,3,-1.35,4.1,2.3,-1.74
387,0,0,0,3,3.5,3.25,3.5,6.5,6.3,-0.26,6.5,6,-1.03,6.7,7,0.33,6.4,6,-0.4
111,1,0,0,2,2.75,2.25,2.5,4,3.6,-0.45,4.4,4,-0.37,3.9,3,-0.88,3.5,2.7,-0.85
165,1,0,0,2,2.25,1.5,2.75,3.9,2.8,-1.04,4.2,3,-1.19,3.7,6,1.82,3.3,1.5,-1.81
585,0,1,0,2,2.25,2.5,2.25,3.5,5.7,2.16,3.9,6,1.64,3.3,6,2.22,2.9,5,2.14
451,0,0,0,2,2.75,2.25,1.75,3.5,3.3,-0.24,3.9,4,0.14,3.3,3,-0.28,2.9,1.7,-1.2
11,0,0,1,2,2.25,1.5,2.75,3.7,2.9,-0.77,4,4,-0.03,3.5,4,0.53,3.1,1.3,-1.75
945,0,1,0,1,2.25,2.25,1.75,3.2,2.8,-0.37,3.6,3,-0.57,2.9,2,-0.92,2.5,2.7,0.16
194,1,0,0,2,2.25,2.25,2.25,3.5,3.6,0.06,3.9,4,0.14,3.3,3,-0.28,2.9,2.7,-0.2
170,0,0,1,1,1.5,1.25,2.25,2.9,1.5,-1.36,3.3,3,-0.3,2.6,2,-0.56,2.2,1,-1.16
377,0,0,0,2,2.5,2.5,2.75,4.3,3.1,-1.19,4.6,6,0.91,4.1,3,-1.11,3.8,1,-2.81
463,0,0,1,3,3.5,3.25,3.25,5.6,3.7,-1.87,5.7,6,-0.24,5.5,4,-1.54,5.3,1.5,-3.82
576,0,0,1,2,3.25,2.25,2.25,3.9,5,1.14,4.2,6,1.31,3.7,3,-0.68,3.3,5,1.69
765,1,0,1,2,2.25,2.5,2.5,3.7,2.7,-0.97,4,4,-0.03,3.5,2,-1.47,3.1,1.7,-1.41
95,1,0,0,2,2.25,1.75,2.5,3.7,2.7,-1.02,4,3,-1.03,3.5,2,-1.47,3.1,1.3,-1.75
448,0,0,0,2,2.75,2.25,3.25,4.8,3.4,-1.37,5,4,-1.05,4.6,4,-0.6,4.4,2.3,-2.04
949,0,0,0,2,2.75,2.5,2.75,4.5,7.3,2.78,4.8,6,0.69,4.3,8,4.15,4.1,8,3.93
825,0,1,0,3,3.25,3.25,3.25,5.9,7.2,1.29,6,7,1.02,5.9,7,1.1,5.7,8,2.34
264,0,0,1,1,2.25,2.25,1.5,2.9,4.6,1.69,3.3,7,3.7,2.6,4,1.44,2.2,2.3,0.17
946,0,0,0,2,2.75,2.25,2.75,4.5,2.1,-2.47,4.8,2,-3.31,4.3,3,-1.35,4.1,1.7,-2.41
505,0,0,1,3,3.25,2.5,3.5,6.2,6.3,0.08,6.2,6,-0.72,6.3,8,2.21,6,6,-0.01
175,0,0,0,2,3.25,3.25,2.5,5,5.3,0.28,5.3,7,1.73,4.9,3,-1.89,4.7,4,-0.68
956,0,0,1,2,2.75,2.5,2.75,4.5,4.3,-0.27,4.8,4,-0.81,4.3,4,-0.35,4.1,3.3,-0.74
273,0,0,0,3,3.25,2.5,3.25,5.3,4.8,-0.52,5.5,4,-1.47,5.2,4,-1.2,5,5.5,0.54
107,0,0,0,3,3.75,3.25,3.5,6.5,7.9,1.39,6.5,7,0.47,6.7,8,1.83,6.4,7.5,1.1
218,0,0,1,3,3.5,2.5,3.25,5.6,4.1,-1.52,5.7,4,-1.74,5.5,6,-0.04,5.3,3,-2.32
714,0,0,0,1,1.5,2.25,1.5,2.7,4,1.22,3.2,6,2.31,2.4,3,0.63,2,3,0.99
437,0,1,0,2,2.25,2.5,2.25,3.7,3.4,-0.32,4,4,-0.03,3.5,3,-0.47,3.1,1.3,-1.75
126,1,0,1,2,2.5,2.25,2.75,4.3,3.4,-0.94,4.6,4,-0.59,4.1,4,-0.11,3.8,1.7,-2.14
894,0,0,0,2,2.75,2.25,2.5,4,4.7,0.6,4.4,6,1.13,3.9,4,0.12,3.5,3.7,0.15
228,0,0,0,2,3.25,2.25,3.25,4.8,3.3,-1.44,5,6,0.45,4.6,4,-0.6,4.4,2.5,-1.87
84,0,0,0,3,3.5,2.25,3.5,5.9,5.1,-0.81,6,7,1.02,5.9,6,-0.4,5.7,4,-1.66
484,0,0,0,2,3.25,2.5,2.25,3.9,4.9,0.99,4.2,7,2.81,3.7,4,0.32,3.3,3.3,0.02
286,0,0,0,2,3.5,2.5,2.75,5.3,5.2,-0.07,5.5,7,1.53,5.2,4,-1.2,5,4,-0.96
161,0,0,0,2,2.75,2.5,3.25,5,4,-1.07,5.3,6,0.23,4.9,4,-0.89,4.7,2.7,-2.01
166,1,0,1,2,1.75,1.5,2.5,3.3,1,-2.37,3.7,2,-2.2,3.1,2,-1.6,2.7,0.3,-2.33
1015,1,0,0,2,2.75,2.5,2.75,4.8,3.2,-1.62,5,4,-1.05,4.6,3,-1.6,4.4,2.2,-2.21
967,0,1,0,2,2.25,1.75,2.25,3.3,3,-0.37,3.7,3,-0.7,3.1,3,-0.1,2.7,2.5,-0.16
143,1,0,0,1,2.25,1.75,1.25,2.5,0.6,-1.86,2.9,1,-2.16,2.1,1,-1.09,1.8,0.8,-0.92
321,0,0,0,3,3.25,2.5,3.25,5.6,3.6,-1.97,5.7,4,-1.74,5.5,4,-1.54,5.3,3.3,-1.99
369,0,0,1,2,3.25,2.25,2.75,4.5,4.4,-0.17,4.8,6,0.69,4.3,4,-0.35,4.1,2.7,-1.41
73,1,0,1,1,2.25,1.75,1.75,3,2.9,-0.19,3.5,3,-0.46,2.7,2,-0.75,2.3,1.5,-0.85
975,1,1,0,2,2.75,2.5,2.25,3.9,4.8,0.94,4.2,6,1.31,3.7,4,0.32,3.3,4.2,0.86
1016,0,0,0,2,2.75,2.75,2.75,4.5,3.1,-1.42,4.8,4,-0.81,4.3,3,-1.35,4.1,1.8,-2.24
730,1,1,1,3,3.25,3.25,3.5,6.2,5.1,-1.07,6.2,4,-2.22,6.3,6,-0.79,6,4.2,-1.84
1029,1,0,0,2,2.25,2.75,2.25,3.9,4.3,0.44,4.2,6,1.31,3.7,4,0.32,3.3,3.7,0.36
423,1,0,0,3,3.25,3.25,3.75,6.8,4.1,-2.8,6.8,6,-1.35,7,4,-3.02,6.8,2.7,-4.12
41,0,0,0,1,1.75,1.75,1.75,2.9,2.8,-0.11,3.3,3,-0.3,2.6,3,0.44,2.2,1.5,-0.66
514,1,0,0,2,2.75,2.75,2.75,4.8,5,0.23,5,7,1.95,4.6,4,-0.6,4.4,3.8,-0.54
876,0,0,1,1,2.25,1.25,0,2.1,1.5,-0.64,2.6,3,0.41,1.7,1,-0.67,1.4,1,-0.44
402,0,0,1,2,2.25,2.25,2.75,4.3,3.4,-0.94,4.6,4,-0.59,4.1,4,-0.11,3.8,2.2,-1.64
349,0,0,1,1,1.5,1.75,1.75,2.9,2.4,-0.51,3.3,4,0.7,2.6,2,-0.56,2.2,1.2,-1
519,1,0,0,1,2.25,1.75,1.5,3,3.4,0.36,3.5,3,-0.46,2.7,3,0.25,2.3,2.3,-0.02
533,0,0,0,2,3.25,1.5,2.5,4,5.4,1.3,4.4,4,-0.37,3.9,6,1.62,3.5,4.5,0.98
50,1,0,0,2,2.75,1.75,2.5,3.9,1.2,-2.66,4.2,1,-3.44,3.7,2,-1.68,3.3,0.7,-2.64
134,0,0,0,2,2.5,2.25,3.5,5,2.5,-2.52,5.3,2,-3.27,4.9,4,-0.89,4.7,1.7,-3.01
432,0,0,0,3,3.5,3.5,3.5,6.5,5.4,-1.16,6.5,6,-1.03,6.7,6,-1.17,6.4,4.5,-1.9
322,0,0,1,2,3.25,1.75,2.5,4.3,1.2,-3.09,4.6,2,-2.59,4.1,2,-2.11,3.8,0.5,-3.31
83,0,0,0,2,3.25,2.5,1.75,3.5,3.6,0.11,3.9,6,1.64,3.3,3,-0.28,2.9,1.8,-1.03
264,1,1,0,3,3.25,2.5,3.5,5.6,5.5,-0.07,5.7,4,-1.74,5.5,6,-0.04,5.3,5.5,0.18
434,0,1,0,2,2.75,1.75,2.25,3.5,3.7,0.21,3.9,6,1.64,3.3,3,-0.28,2.9,3.3,0.47
67,0,0,0,2,2.5,1.75,2.25,3.5,3,-0.54,3.9,4,0.14,3.3,2,-1.28,2.9,1.8,-1.03
617,0,0,1,1,1.25,1.5,1.75,2.6,2.5,-0.1,3.1,3,-0.07,2.2,3,0.77,1.9,1.2,-0.72
21,0,0,0,3,3.5,2.5,3.25,5.6,4.4,-1.17,5.7,6,-0.24,5.5,6,-0.04,5.3,3.3,-1.99
249,0,0,1,2,2.75,2.5,3.25,5,4.8,-0.22,5.3,6,0.23,4.9,4,-0.89,4.7,3.7,-1.01
883,0,0,0,1,2.5,1.25,1.5,2.7,3.5,0.77,3.2,4,0.81,2.4,3,0.63,2,1.5,-0.51
451,1,0,1,2,2.25,1.75,2.5,3.5,1.7,-1.79,3.9,2,-2.36,3.3,2,-1.28,2.9,0.8,-2.03
653,0,0,0,2,2.5,2.75,2.75,4.5,2.9,-1.62,4.8,3,-1.81,4.3,4,-0.35,4.1,1.7,-2.41
828,0,0,0,3,3.25,2.75,3.25,5.6,6.4,0.83,5.7,7,1.26,5.5,6,-0.04,5.3,5.5,0.18
798,1,0,0,2,2.5,2.5,2.5,4,2.1,-2,4.4,3,-1.37,3.9,2,-1.88,3.5,1.3,-2.19
486,0,0,0,2,3.25,1.75,2.5,4,3.4,-0.7,4.4,3,-1.37,3.9,3,-0.88,3.5,2.2,-1.35
799,1,0,0,2,2.5,1.75,2.5,3.9,2.8,-1.06,4.2,4,-0.19,3.7,3,-0.68,3.3,1.7,-1.64
546,1,0,0,2,2.5,2.25,2.25,3.7,4.2,0.53,4,6,1.47,3.5,3,-0.47,3.1,3.3,0.25
129,1,0,0,1,1.75,2.25,1.75,3.2,3.5,0.28,3.6,4,0.43,2.9,3,0.08,2.5,2.7,0.16
108,1,0,1,2,3.25,2.5,2.25,4,4.5,0.45,4.4,7,2.63,3.9,3,-0.88,3.5,3.7,0.15
139,0,0,0,3,3.5,2.5,3.25,5.6,3.2,-2.37,5.7,4,-1.74,5.5,4,-1.54,5.3,2.7,-2.65
327,1,0,0,3,3.25,3.25,3.75,6.5,5.8,-0.71,6.5,7,0.47,6.7,6,-1.17,6.4,5,-1.4
243,1,0,0,2,2.75,2.5,3.25,5.3,6,0.68,5.5,7,1.53,5.2,6,0.3,5,5.5,0.54
583,0,0,0,3,3.5,3.25,3.5,6.8,8.2,1.35,6.8,8,1.65,7,8,1.48,6.8,7.5,0.71
753,0,1,0,3,3.25,3.25,3.5,6.2,7.8,1.58,6.2,7,0.78,6.3,8,2.21,6,8,1.99
143,1,0,0,3,3.5,2.5,3.5,6.2,7.5,1.28,6.2,8,2.28,6.3,7,0.71,6,7.5,1.49
305,0,0,0,2,2.5,1.75,2.25,3.5,2,-1.49,3.9,2,-1.86,3.3,3,-0.28,2.9,1,-1.86
441,1,0,1,2,1.75,2.25,2.25,3.3,3.4,0.08,3.7,6,1.8,3.1,3,-0.1,2.7,0.7,-1.99
21,0,0,0,2,3.25,2.25,2.75,4.8,3.7,-1.07,5,4,-1.05,4.6,4,-0.6,4.4,3.3,-1.04
501,0,0,0,1,1.75,1.75,2.25,3.2,2.8,-0.37,3.6,3,-0.57,2.9,3,0.08,2.5,1.5,-1
481,0,0,0,1,1.75,1.25,2.5,3.2,2.9,-0.32,3.6,4,0.43,2.9,3,0.08,2.5,1.8,-0.67
657,1,0,1,2,2.5,1.5,2.5,3.7,1.4,-2.32,4,2,-2.03,3.5,2,-1.47,3.1,1.3,-1.75
545,0,0,0,2,3.25,2.5,2.25,4.3,3,-1.34,4.6,4,-0.59,4.1,3,-1.11,3.8,1,-2.81
60,1,1,0,2,3.25,2.25,2.5,4.3,6.6,2.26,4.6,6,0.91,4.1,7,2.89,3.8,7,3.19
628,0,0,0,1,2.25,1.75,1.25,2.7,3.9,1.12,3.2,6,2.31,2.4,3,0.63,2,2.2,0.16
66,0,0,0,2,2.25,2.5,2.25,3.9,4,0.14,4.2,4,-0.19,3.7,4,0.32,3.3,2.5,-0.81
538,1,0,0,2,2.75,2.25,2.75,4.8,3.8,-1.02,5,4,-1.05,4.6,3,-1.6,4.4,3.7,-0.71
141,0,0,1,1,2.25,1.25,1.25,2,2.3,0.2,2.5,2,-0.51,1.6,3,1.44,1.4,1.3,-0.03
28,0,0,0,2,2.75,1.75,1.75,3.5,1.6,-1.94,3.9,2,-1.86,3.3,3,-0.28,2.9,1.3,-1.53
727,1,0,0,2,2.75,1.5,2.75,4.3,3.8,-0.49,4.6,4,-0.59,4.1,4,-0.11,3.8,2.3,-1.48
85,1,0,0,2,1.75,1.5,2.75,3.7,3.1,-0.62,4,3,-1.03,3.5,4,0.53,3.1,3.3,0.25
833,0,1,0,1,2.25,1.75,1.75,3,2.3,-0.79,3.5,3,-0.46,2.7,2,-0.75,2.3,0.8,-1.52
71,0,0,0,2,3.25,2.5,2.75,4.8,3.6,-1.22,5,4,-1.05,4.6,4,-0.6,4.4,2.7,-1.71
444,0,0,0,2,2.25,2.25,3.5,4.8,4.2,-0.62,5,3,-2.05,4.6,4,-0.6,4.4,3.7,-0.71
737,1,0,0,2,1.75,2.25,2.75,4,2.7,-1.4,4.4,3,-1.37,3.9,3,-0.88,3.5,1.2,-2.35
376,0,0,0,3,3.5,2.25,3.5,6.2,6.3,0.08,6.2,7,0.78,6.3,6,-0.79,6,6.5,0.49
931,0,0,0,2,2.75,2.5,2.5,4.3,5.8,1.51,4.6,7,2.41,4.1,6,1.39,3.8,4,0.19
836,0,0,1,2,2.75,2.5,2.25,3.9,3.1,-0.81,4.2,6,1.31,3.7,2,-2.18,3.3,1.5,-1.81
593,1,0,0,3,3.5,3.25,3.75,7.2,4.8,-2.49,7.2,4,-3.2,7.4,6,-1.93,7.2,4,-3.22
428,0,0,0,2,2.5,2.25,2.5,4,2.8,-1.25,4.4,4,-0.37,3.9,3,-0.88,3.5,1,-2.52
293,0,0,0,2,3.5,2.25,2.75,5.3,4.5,-0.77,5.5,6,0.03,5.2,4,-1.2,5,3.7,-1.29
207,0,0,0,2,3.25,2.75,2.75,5.3,4.6,-0.67,5.5,6,0.03,5.2,4,-1.2,5,3,-1.96
512,1,0,0,2,3.25,2.5,2.5,4.3,4.4,0.06,4.6,7,2.41,4.1,4,-0.11,3.8,2.7,-1.14
257,0,0,1,2,3.5,2.75,2.25,4.5,4,-0.52,4.8,6,0.69,4.3,4,-0.35,4.1,2.5,-1.57
113,0,0,1,2,3.25,2.25,3.25,5,5.1,0.03,5.3,6,0.23,4.9,6,0.61,4.7,5.5,0.82
173,1,0,0,2,1.75,2.25,2.5,3.5,1.7,-1.84,3.9,3,-0.86,3.3,3,-0.28,2.9,0.8,-2.03
264,0,0,0,3,3.25,2.75,3.25,5.6,3.7,-1.87,5.7,6,-0.24,5.5,4,-1.54,5.3,2.3,-2.99
563,0,0,0,3,3.25,2.5,3.25,5.3,4,-1.27,5.5,6,0.03,5.2,3,-2.2,5,2.7,-2.29
706,0,0,1,3,3.5,2.5,3.25,5.6,5.4,-0.22,5.7,6,-0.24,5.5,6,-0.04,5.3,4.5,-0.82
750,0,0,0,2,2.25,2.25,3.25,4,5.1,1,4.4,6,1.13,3.9,6,1.62,3.5,4.5,0.98
703,0,0,1,3,3.25,2.5,3.5,5.6,2.5,-3.12,5.7,3,-2.74,5.5,3,-2.54,5.3,2,-3.32
521,0,0,0,3,3.5,3.5,2.75,5.9,5.6,-0.26,6,8,2.52,5.9,6,-0.4,5.7,3.3,-2.32
379,0,0,0,2,2.75,2.25,2.5,4.3,3.9,-0.44,4.6,6,0.91,4.1,4,-0.11,3.8,2,-1.81
256,0,0,1,2,2.25,2.25,2.75,4.3,3.5,-0.79,4.6,6,0.91,4.1,4,-0.11,3.8,1.7,-2.14
1016,1,0,1,1,1.25,1.75,2.25,2.9,2.4,-0.51,3.3,3,-0.3,2.6,2,-0.56,2.2,1.8,-0.33
589,0,0,0,3,3.25,3.25,3.25,5.6,6,0.38,5.7,6,-0.24,5.5,7,1.46,5.3,6,0.68
748,0,0,1,2,2.75,2.25,2.5,4,2.9,-1.15,4.4,4,-0.37,3.9,3,-0.88,3.5,2.3,-1.19
732,0,0,1,2,2.75,2.25,2.75,4.5,4,-0.52,4.8,6,0.69,4.3,4,-0.35,4.1,2,-2.07
924,0,0,0,2,3.25,2.75,2.75,5.3,5.4,0.08,5.5,7,1.53,5.2,4,-1.2,5,4.5,-0.46
613,0,0,0,2,3.5,2.5,2.5,4.8,4.4,-0.42,5,7,1.95,4.6,4,-0.6,4.4,2.2,-2.21
607,1,0,1,2,2.5,1.5,3.5,4.8,2.6,-2.22,5,3,-2.3,4.6,4,-0.6,4.4,1.8,-2.54
774,0,0,0,2,2.25,1.5,2.25,3.3,2.1,-1.27,3.7,3,-0.7,3.1,2,-1.1,2.7,1,-1.66
341,0,0,1,2,3.25,2.25,3.25,5,5.1,0.03,5.3,6,0.23,4.9,4,-0.89,4.7,4.5,-0.18
461,1,0,0,2,2.25,2.25,2.5,3.7,2.4,-1.27,4,3,-1.03,3.5,3,-0.47,3.1,1.2,-1.91
1003,1,0,0,3,3.5,3.5,3.5,6.8,7.3,0.45,6.8,7,0.15,7,8,1.48,6.8,7.5,0.71
105,0,0,0,3,2.75,3.25,3.5,6.2,6.4,0.23,6.2,6,-0.72,6.3,7,0.71,6,7.5,1.49
904,0,0,0,2,2.75,2,2.75,4.7,5.9,1.13,5.1,7,1.87,4.5,6,1.47,4.2,6,1.8
949,0,0,0,2,2.75,2,2.75,4.5,4.6,0.09,4.9,4,-0.94,4.3,4,-0.28,4,5,1.03
144,0,0,0,3,3.25,2,3.25,5.5,5.5,-0.07,5.9,4,-1.86,5.4,6,0.56,5.1,4.5,-0.64
447,0,0,1,2,2.75,1,2.5,4.1,1.7,-2.39,4.5,2,-2.53,3.8,1,-2.84,3.5,1.7,-1.83
69,0,0,0,2,2.75,3,2.75,4.7,4,-0.72,5.1,5,-0.13,4.5,5,0.47,4.2,2.7,-1.54
303,1,0,0,2,2.25,2,2.25,3.1,3.3,0.12,3.6,4,0.41,2.7,3,0.28,2.5,3.8,1.35
711,0,0,0,3,3.5,3,3.5,6.4,7.2,0.72,6.6,6,-0.6,6.6,8,1.42,6.2,7,0.79
1036,0,0,1,2,2.75,1,2.5,3.9,3.8,-0.15,4.3,4,-0.32,3.6,3,-0.64,3.3,3.7,0.38
231,0,0,0,3,3.5,3,3.5,6.1,6.7,0.59,6.3,7,0.66,6.2,7,0.81,5.8,6.5,0.68
338,1,0,0,2,2.25,1,2.25,3.4,4.6,1.14,3.9,5,1.14,3,5,1.96,2.8,4.5,1.74
356,0,0,0,3,3.25,2,3.5,5.8,6,0.16,6.1,6,-0.08,5.8,5,-0.8,5.5,5,-0.46
234,1,1,1,3,3.5,3,3.75,7.2,3.4,-3.87,7.3,3,-4.3,7.5,5,-2.46,7.1,1.8,-5.29
607,0,0,0,3,3.5,2,3.25,5.5,6.1,0.53,5.9,6,0.14,5.4,7,1.56,5.1,5,-0.14
970,0,0,0,2,2.75,3,2.75,4.7,3.5,-1.27,5.1,6,0.87,4.5,3,-1.53,4.2,1.5,-2.7
716,0,0,0,2,2.5,2,2.25,3.6,2.2,-1.41,4,3,-0.99,3.2,2,-1.24,2.9,1.5,-1.43
1035,0,0,0,2,3.5,3,2.25,4.5,4.5,-0.01,4.9,6,1.05,4.3,4,-0.28,4,3,-0.97
125,0,0,0,2,2.25,2,2.25,3.4,2.3,-1.16,3.9,2,-1.86,3,3,-0.05,2.8,1.2,-1.59
962,1,0,0,2,2.5,2,1.75,3.4,4.2,0.74,3.9,6,2.14,3,3,-0.05,2.8,3,0.24
673,0,0,0,2,2.5,2,3.5,4.7,3.7,-1.02,5.1,3,-2.13,4.5,6,1.47,4.2,1.7,-2.54
37,0,0,0,2,2.5,2,3.25,4.5,4.5,-0.01,4.9,6,1.05,4.3,4,-0.28,4,3.3,-0.63
181,0,0,0,3,3.25,3,3.25,5.5,5.4,-0.12,5.9,5,-0.86,5.4,6,0.56,5.1,4.2,-0.97
589,1,0,0,3,3.5,3,4.75,6.1,2.7,-3.46,6.3,3,-3.34,6.2,3,-3.18,5.8,1.3,-4.49
596,1,0,1,3,3.5,3,3.75,6.8,5,-1.81,6.9,5,-1.94,7,6,-1.01,6.7,1.8,-4.82
723,1,0,0,1,1.25,1,1.5,2.4,3,0.61,2.8,4,1.24,1.9,3,1.11,1.8,1.2,-0.6
60,0,0,0,2,3.25,2,2.5,4.7,4.8,0.08,5.1,5,-0.13,4.5,5,0.47,4.2,3.3,-0.87
489,0,0,0,2,2.75,2,2.5,4.3,3.6,-0.74,4.7,4,-0.7,4.1,4,-0.06,3.7,2.3,-1.39
88,0,0,0,3,3.5,2,3.75,6.8,4.9,-1.96,6.9,5,-1.94,7,5,-2.02,6.7,4,-2.65
614,0,0,0,2,3.25,3,2.75,4.7,4.3,-0.42,5.1,5,-0.13,4.5,4,-0.53,4.2,3.3,-0.87
690,1,0,0,1,1.25,2,2.25,2.7,2.6,-0.1,3.1,3,-0.12,2.3,2,-0.25,2.1,1.2,-0.9
849,0,0,0,2,3.5,2,2.25,4.5,2.1,-2.41,4.9,4,-0.94,4.3,1,-3.29,4,0.3,-3.63
405,1,0,0,3,3.25,2,2.75,5,2.9,-2.13,5.4,4,-1.37,4.8,3,-1.81,4.5,1,-3.51
166,0,0,0,2,2.5,1,1.75,3.4,5.1,1.69,3.9,6,2.14,3,4,0.95,2.8,4.5,1.74
771,0,0,0,3,3.5,3,3.5,6.4,6.9,0.42,6.6,7,0.4,6.6,7,0.42,6.2,7,0.79
480,0,0,0,3,3.5,3,3.5,6.1,6.9,0.74,6.3,9,2.66,6.2,5,-1.18,5.8,5.5,-0.32
703,1,0,0,2,3.5,2,2.25,4.5,1.5,-3.04,4.9,3,-1.95,4.3,1,-3.29,4,0.3,-3.63
898,1,0,0,3,3.25,2,2.75,5.3,2.2,-3.1,5.6,3,-2.63,5.1,4,-1.11,4.8,1.8,-2.99
515,0,0,0,2,2.75,2,1.25,3.2,3.7,0.41,3.7,6,2.3,2.9,2,-0.86,2.6,2.3,-0.27
637,0,0,0,2,2.25,2,2.5,3.6,3.1,-0.46,4,3,-0.99,3.2,4,0.76,2.9,3.3,0.41
446,0,0,1,3,3.5,2,3.5,6.4,5.3,-1.18,6.6,5,-1.6,6.6,5,-1.58,6.2,5,-1.21
829,1,0,0,2,3.25,2,1.75,3.9,2.3,-1.65,4.3,3,-1.32,3.6,2,-1.64,3.3,1.2,-2.12
360,0,0,0,2,2.5,2,2.5,3.9,4,0.1,4.3,4,-0.32,3.6,5,1.36,3.3,3.3,0.05
92,0,0,0,2,2.25,2,2.75,3.9,5.5,1.6,4.3,6,1.68,3.6,6,2.36,3.3,4.5,1.22
965,1,0,1,2,2.5,1,2.25,3.7,1.5,-2.23,4.2,2,-2.15,3.4,2,-1.44,3.1,1.2,-1.94
24,0,0,1,1,2.25,1,1.5,3,2.2,-0.8,3.4,3,-0.44,2.5,2,-0.55,2.4,0.7,-1.69
727,1,0,1,1,1.25,1,2.25,2.7,2.2,-0.55,3.1,3,-0.12,2.3,2,-0.25,2.1,0.5,-1.56
687,0,0,0,3,3.5,4,3.5,6.4,5.7,-0.73,6.6,6,-0.6,6.6,5,-1.58,6.2,6,-0.21
389,0,0,1,2,3.5,2,2.25,4.5,3.6,-0.96,4.9,4,-0.94,4.3,3,-1.28,4,2.7,-1.3
654,1,0,0,2,3.25,2,2.75,4.7,1.5,-3.22,5.1,2,-3.13,4.5,3,-1.53,4.2,1,-3.2
419,1,0,0,2,2.25,1,2.5,3.7,0.8,-2.98,4.2,2,-2.15,3.4,1,-2.44,3.1,0.5,-2.61
921,1,0,0,3,3.25,2,3.25,5.3,3.3,-2,5.6,3,-2.63,5.1,4,-1.11,4.8,2,-2.82
545,0,0,0,3,3.5,2,2.75,5.3,3.7,-1.6,5.6,3,-2.63,5.1,4,-1.11,4.8,2.5,-2.32
72,0,0,0,3,3.5,2,3.75,6.8,5.9,-0.91,6.9,5,-1.94,7,6,-1.01,6.7,6,-0.65
248,0,0,0,2,2.75,2,2.25,3.7,3.8,0.07,4.2,7,2.85,3.4,2,-1.44,3.1,2.3,-0.77
38,1,0,1,2,2.25,1,3.25,4.3,1.6,-2.74,4.7,2,-2.7,4.1,2,-2.06,3.7,0.8,-2.89
958,0,1,0,3,2.75,2,3.5,5.5,7.2,1.68,5.9,7,1.14,5.4,8,2.56,5.1,6,0.86
514,0,0,0,2,2.5,2,1.75,3.2,3.9,0.61,3.7,4,0.3,2.9,4,1.14,2.6,3,0.4
260,0,0,0,3,3.5,3,3.5,6.4,5.6,-0.83,6.6,5,-1.6,6.6,5,-1.58,6.2,4.5,-1.71
401,0,0,0,3,2.75,3,3.5,5.3,4.7,-0.6,5.6,3,-2.63,5.1,5,-0.11,4.8,4.2,-0.65
706,1,0,0,2,1.75,2,2.75,3.6,3.8,0.24,4,7,3.02,3.2,3,-0.23,2.9,1.8,-1.09
548,1,0,1,2,2.5,2,2.5,3.9,1.6,-2.28,4.3,2,-2.32,3.6,3,-0.64,3.3,1.2,-2.12
154,0,0,0,3,2.75,2,3.5,5.5,5.3,-0.22,5.9,6,0.14,5.4,5,-0.44,5.1,4,-1.14
879,0,0,1,2,1.25,0,3.25,3.1,1.9,-1.23,3.6,2,-1.59,2.7,3,0.28,2.5,0.5,-1.98
159,0,0,0,3,3.5,2,2.75,5.5,4.5,-1.02,5.9,5,-0.86,5.4,4,-1.44,5.1,4,-1.14
629,0,0,0,3,2.5,2,3.5,5,3.6,-1.38,5.4,4,-1.37,4.8,4,-0.81,4.5,1.5,-3.01
31,0,0,1,2,2.25,2,2.25,3.4,3,-0.46,3.9,3,-0.86,3,3,-0.05,2.8,2.3,-0.43
206,0,0,0,2,2.25,1,2.5,3.6,2.1,-1.46,4,2,-1.99,3.2,2,-1.24,2.9,2,-0.93
15,1,1,0,2,2.5,2,2.25,3.7,2.8,-0.98,4.2,3,-1.15,3.4,2,-1.44,3.1,2.7,-0.44
751,0,0,0,2,2.75,3,2.75,4.5,5.8,1.29,4.9,6,1.05,4.3,5,0.71,4,4.5,0.53
648,1,0,1,2,3.25,2,2.5,4.5,0.8,-3.71,4.9,2,-2.94,4.3,2,-2.29,4,0,-3.97
766,1,0,0,2,2.5,2,2.75,4.1,2.9,-1.19,4.5,3,-1.52,3.8,2,-1.84,3.5,1.7,-1.83
1016,0,0,0,2,3.25,2,1.75,3.9,3.8,-0.15,4.3,5,0.68,3.6,2,-1.64,3.3,3.3,0.05
29,0,0,1,1,2.25,1,1.5,3,1.9,-1.14,3.4,3,-0.44,2.5,1,-1.54,2.4,1,-1.35
270,0,0,0,3,3.25,2,3.25,5.3,5.2,-0.1,5.6,6,0.38,5.1,5,-0.11,4.8,4,-0.82
796,0,0,0,3,3.5,2,3.75,6.8,4.6,-2.21,6.9,3,-3.94,7,7,-0.01,6.7,3.3,-3.32
203,0,0,0,3,3.25,2,3.5,6.1,3.8,-2.36,6.3,3,-3.34,6.2,5,-1.18,5.8,3,-2.82
52,0,0,0,1,1.75,2,1.5,2.7,2.2,-0.55,3.1,3,-0.12,2.3,2,-0.25,2.1,1.5,-0.56
289,0,0,0,2,2.75,2,2.5,4.1,2.5,-1.64,4.5,2,-2.53,3.8,3,-0.83,3.5,1.5,-1.99
856,0,0,1,2,2.25,1,2.25,3.2,2.6,-0.69,3.7,3,-0.7,2.9,3,0.14,2.6,1.5,-1.1
10,1,0,,2,2.25,1,2.5,3.4,1.9,-1.51,3.9,2,-1.86,3,2,-1.04,2.8,1.3,-1.43
695,,0,,2,2.75,2,2.75,4.5,5.1,0.54,4.9,6,1.05,4.3,4,-0.28,4,4.5,0.53
399,1,0,1,3,3.5,3,3.5,6.4,6,-0.43,6.6,6,-0.6,6.6,6,-0.58,6.2,5.5,-0.71
106,1,0,,3,3.25,3,3.75,6.1,5.6,-0.56,6.3,4,-2.34,6.2,7,0.81,5.8,4.7,-1.16
900,1,0,1,2,2.5,1,2.25,3.6,2.7,-0.91,4,3,-0.99,3.2,2,-1.24,2.9,1.5,-1.43
938,,0,,2,2.5,1,2.25,3.6,3.3,-0.31,4,5,1.01,3.2,2,-1.24,2.9,1.7,-1.26
572,,0,1,2,3.25,2,2.75,4.7,3.2,-1.57,5.1,4,-1.13,4.5,3,-1.53,4.2,1.7,-2.54
183,1,0,1,2,2.75,1,1.5,3.6,1.7,-1.91,4,3,-0.99,3.2,1,-2.23,2.9,0.3,-2.59
239,1,0,0,2,3.25,2,2.5,4.3,4.2,-0.14,4.7,6,1.29,4.1,3,-1.06,3.7,2.8,-0.89
442,0,0,0,1,2.5,2,1.5,3,2.9,-0.09,3.4,4,0.56,2.5,2,-0.55,2.4,2,-0.35
138,0,0,0,2,3.25,1,1.75,3.7,5,1.22,4.2,5,0.85,3.4,4,0.56,3.1,4,0.89
589,0,0,0,3,3.5,2,3.25,5.5,3.9,-1.62,5.9,6,0.14,5.4,4,-1.44,5.1,3,-2.14
53,0,0,1,2,2.5,2,2.25,3.7,3.4,-0.38,4.2,5,0.85,3.4,3,-0.44,3.1,2.2,-0.94
73,0,0,1,3,3.25,3,3.25,5.5,6.7,1.13,5.9,7,1.14,5.4,8,2.56,5.1,5.5,0.36
157,0,0,0,3,3.5,2,3.75,6.8,3.5,-3.31,6.9,5,-1.94,7,4,-3.02,6.7,1.8,-4.82
387,1,0,0,3,3.75,3,3.75,7.2,5.3,-1.97,7.3,8,0.7,7.5,5,-2.46,7.1,4.2,-2.96
207,0,0,0,2,3.25,3,2.75,5,6.5,1.47,5.4,7,1.63,4.8,5,0.19,4.5,7,2.49
414,0,0,0,2,1.75,1,2.25,3.2,3.5,0.25,3.7,3,-0.7,2.9,5,2.14,2.6,3,0.4
690,0,0,0,2,2.75,2,3.25,5,3.9,-1.08,5.4,3,-2.37,4.8,4,-0.81,4.5,2.8,-1.67
257,0,0,1,2,2.25,1,2.5,3.6,2.5,-1.06,4,2,-1.99,3.2,3,-0.23,2.9,0.7,-2.26
136,0,0,0,2,2.75,3,2.75,4.5,5.8,1.24,4.9,6,1.05,4.3,6,1.72,4,4.7,0.7
787,0,0,0,2,2.75,2,2.5,4.1,4.5,0.41,4.5,5,0.47,3.8,4,0.17,3.5,3.7,0.17
438,0,0,0,2,2.75,3,3.25,4.7,4.8,0.03,5.1,5,-0.13,4.5,5,0.47,4.2,3.7,-0.54
658,0,0,0,3,3.25,2,3.25,5.3,5.5,0.25,5.6,6,0.38,5.1,6,0.89,4.8,5,0.18
342,0,0,0,3,3.25,2,2.75,5.3,3.4,-1.9,5.6,5,-0.63,5.1,5,-0.11,4.8,1.5,-3.32
516,0,0,0,3,3.25,3,3.5,5.8,5.2,-0.64,6.1,5,-1.08,5.8,5,-0.8,5.5,4,-1.46
52,1,1,0,2,2.25,2,2.25,3.2,4.2,0.96,3.7,4,0.3,2.9,4,1.14,2.6,3,0.4
236,0,0,0,3,3.25,3,3.5,6.1,4.2,-1.91,6.3,5,-1.34,6.2,7,0.81,5.8,2.7,-3.16
1007,0,0,0,2,2.75,1,2.25,4.1,2.7,-1.44,4.5,3,-1.52,3.8,3,-0.83,3.5,1.5,-1.99
1028,0,0,0,1,1.75,1,1.25,2.7,3.3,0.55,3.1,4,0.88,2.3,3,0.75,2.1,2,-0.06
973,0,0,0,2,3.25,2,1.75,4.1,5.3,1.16,4.5,5,0.47,3.8,5,1.16,3.5,5,1.51
744,0,0,1,1,1.5,1,1.5,2.5,3.3,0.72,2.9,3,0.09,2.1,2,-0.08,1.9,2.5,0.59
173,0,0,1,3,2.75,2,3.25,5,6.2,1.22,5.4,6,0.63,4.8,7,2.19,4.5,6,1.49
597,0,0,0,2,2.25,2,2.5,3.6,2.8,-0.76,4,3,-0.99,3.2,2,-1.24,2.9,2.2,-0.76
612,0,0,0,2,3.25,3,2.75,4.7,6.9,2.13,5.1,8,2.87,4.5,6,1.47,4.2,6,1.8
550,0,0,0,3,3.5,3,3.5,6.1,6.8,0.69,6.3,9,2.66,6.2,5,-1.18,5.8,6,0.18
578,0,1,0,2,2.5,2,2.75,4.1,3.5,-0.59,4.5,3,-1.52,3.8,5,1.16,3.5,2.2,-1.33
787,0,0,0,3,3.5,3,3.5,6.4,5.4,-1.08,6.6,6,-0.6,6.6,5,-1.58,6.2,4,-2.21
216,0,0,0,3,3.25,3,3.75,6.4,7.4,0.97,6.6,8,1.4,6.6,6,-0.58,6.2,7,0.79
222,0,1,0,2,2.25,2,2.75,3.9,4.4,0.5,4.3,4,-0.32,3.6,6,2.36,3.3,4,0.72
676,0,0,0,3,3.5,3,2.75,5.3,4.2,-1.05,5.6,6,0.38,5.1,3,-2.11,4.8,2.7,-2.15
436,1,0,0,2,3.25,2,2.75,4.7,3.1,-1.62,5.1,3,-2.13,4.5,5,0.47,4.2,1.5,-2.7
83,0,0,0,3,2.5,2,3.75,5.3,2.9,-2.33,5.6,3,-2.63,5.1,5,-0.11,4.8,1.8,-2.99
84,0,0,0,3,3.5,2,3.75,6.8,6,-0.81,6.9,5,-1.94,7,8,0.99,6.7,4.5,-2.15
13,1,1,0,3,3.5,3,4.5,6.8,6.2,-0.61,6.9,6,-0.94,7,7,-0.01,6.7,6,-0.65
755,0,0,0,1,1.25,1,1.5,2.4,1.5,-0.86,2.8,2,-0.76,1.9,1,-0.89,1.8,0.8,-0.94
559,1,0,0,1,1.25,1,1.5,2.4,2.5,0.06,2.8,3,0.24,1.9,2,0.11,1.8,0.7,-1.1
682,0,0,0,3,3.5,3,3.5,6.4,6.9,0.47,6.6,6,-0.6,6.6,8,1.42,6.2,7,0.79
264,1,0,0,2,2.25,2,2.75,3.9,4,0.05,4.3,4,-0.32,3.6,4,0.36,3.3,4,0.72
68,0,0,0,2,2.75,3,2.25,4.1,1.4,-2.74,4.5,2,-2.53,3.8,1,-2.84,3.5,0.3,-3.16
601,0,0,1,3,3.25,1,3.25,5.3,3.1,-2.2,5.6,3,-2.63,5.1,4,-1.11,4.8,1.8,-2.99
63,0,0,0,2,2.75,2,2.75,4.7,4.1,-0.67,5.1,4,-1.13,4.5,4,-0.53,4.2,3.2,-1.04
362,0,0,0,2,2.25,2,2.25,3.6,2.1,-1.51,4,3,-0.99,3.2,1,-2.23,2.9,1.2,-1.76
119,0,0,0,2,2.25,2,2.25,3.4,1.4,-2.01,3.9,2,-1.86,3,1,-2.05,2.8,0.8,-1.93
393,0,0,0,2,2.5,2,3.25,4.5,3.3,-1.21,4.9,3,-1.95,4.3,5,0.71,4,1.5,-2.47
765,0,0,1,3,3.75,3,3.5,6.8,7,0.19,6.9,7,0.06,7,7,-0.01,6.7,6,-0.65
954,0,0,1,2,2.75,2,2.5,4.1,4.1,-0.04,4.5,4,-0.52,3.8,3,-0.83,3.5,3.3,-0.16
350,0,0,0,3,2.5,2,3.75,5.3,4.5,-0.8,5.6,4,-1.63,5.1,5,-0.11,4.8,3.7,-1.15
493,0,0,0,3,3.5,3,3.25,6.1,3.9,-2.21,6.3,4,-2.34,6.2,4,-2.18,5.8,3,-2.82
132,0,1,0,2,3.25,3,2.5,4.3,4.4,0.11,4.7,5,0.29,4.1,4,-0.06,3.7,3.7,-0.05
233,1,0,0,2,3.5,2,2.5,4.7,3,-1.77,5.1,4,-1.13,4.5,3,-1.53,4.2,1.8,-2.37
925,0,0,0,2,2.75,2,2.25,3.7,3.4,-0.38,4.2,3,-1.15,3.4,3,-0.44,3.1,3,-0.11
479,1,0,0,2,2.75,2,2.5,4.1,3.1,-0.99,4.5,3,-1.52,3.8,3,-0.83,3.5,2.3,-1.16
276,0,0,1,2,2.75,2,3.25,4.7,8.4,3.68,5.1,9,3.87,4.5,8,3.47,4.2,8,3.8
444,0,0,0,3,3.5,3,3.25,5.8,6,0.21,6.1,7,0.92,5.8,5,-0.8,5.5,5.5,0.04
646,1,0,1,3,3.25,2,3.5,5.8,2.9,-2.94,6.1,3,-3.08,5.8,4,-1.79,5.5,2.3,-3.13
700,0,0,0,3,3.5,3,3.5,6.4,8,1.52,6.6,9,2.4,6.6,8,1.42,6.2,6.5,0.29
375,0,0,0,3,2.75,2,3.25,5.3,3.8,-1.5,5.6,4,-1.63,5.1,4,-1.11,4.8,1.7,-3.15
847,0,0,0,3,3.75,3,3.5,7.2,8.3,1.03,7.3,9,1.71,7.5,7,-0.47,7.1,8.5,1.38
54,0,0,0,2,2.5,2,2.5,3.7,3,-0.73,4.2,5,0.85,3.4,3,-0.44,3.1,2,-1.11
428,0,0,0,2,2.25,2,2.25,3.4,3.7,0.29,3.9,6,2.14,3,3,-0.05,2.8,2.3,-0.43
265,0,0,0,2,2.5,1,2.5,3.7,1.1,-2.63,4.2,3,-1.15,3.4,1,-2.44,3.1,0.7,-2.44
96,1,1,0,3,3.5,3,2.75,5.3,4.1,-1.2,5.6,5,-0.63,5.1,3,-2.11,4.8,3.7,-1.15
960,1,0,0,2,2.75,1,1.75,3.4,5.2,1.79,3.9,5,1.14,3,5,1.96,2.8,5.2,2.41
833,0,0,0,2,3.25,2,2.5,4.3,3.6,-0.74,4.7,4,-0.7,4.1,3,-1.06,3.7,2.7,-1.05
310,1,0,0,3,3.25,2,3.25,5.5,4.6,-0.92,5.9,6,0.14,5.4,5,-0.44,5.1,4,-1.14
629,1,0,0,2,2.75,1,1.75,3.6,2,-1.61,4,2,-1.99,3.2,2,-1.24,2.9,1.2,-1.76
832,1,0,0,2,3.25,2,2.5,4.5,1.1,-3.46,4.9,2,-2.94,4.3,1,-3.29,4,1.2,-2.8
444,0,0,0,2,3.5,2,2.5,4.7,4.8,0.08,5.1,5,-0.13,4.5,4,-0.53,4.2,5,0.8
919,0,0,0,2,3.25,2,2.5,4.7,3.9,-0.82,5.1,5,-0.13,4.5,4,-0.53,4.2,3.3,-0.87
972,0,0,0,2,3.25,2,2.5,5,5.3,0.32,5.4,6,0.63,4.8,5,0.19,4.5,5.5,0.99
328,0,0,0,2,2.5,2,2.5,3.7,3.3,-0.48,4.2,4,-0.15,3.4,3,-0.44,3.1,2,-1.11
1015,0,0,0,2,2.5,2,2.25,3.6,3.7,0.14,4,4,0.01,3.2,3,-0.23,2.9,3,0.07
83,0,0,1,2,2.5,1,2.25,3.7,3.3,-0.43,4.2,3,-1.15,3.4,4,0.56,3.1,2.5,-0.61
783,0,0,1,2,2.25,1,2.5,3.7,3,-0.73,4.2,2,-2.15,3.4,4,0.56,3.1,1.8,-1.27
65,0,0,0,3,2.75,2,3.5,5,4.3,-0.68,5.4,4,-1.37,4.8,5,0.19,4.5,3.7,-0.84
317,1,0,0,2,2.5,2,2.25,3.7,3,-0.78,4.2,3,-1.15,3.4,3,-0.44,3.1,2.3,-0.77
868,0,0,0,3,3.5,3,2.5,5,2,-2.98,5.4,3,-2.37,4.8,1,-3.81,4.5,1.5,-3.01
837,0,0,0,3,3.5,3,3.25,5.8,3.7,-2.14,6.1,4,-2.08,5.8,4,-1.79,5.5,2.7,-2.79
294,1,0,0,2,3.25,2,2.5,4.5,1.1,-3.41,4.9,3,-1.95,4.3,1,-3.29,4,0.3,-3.63
431,0,1,0,2,3.25,2,2.5,4.7,3.8,-0.92,5.1,5,-0.13,4.5,3,-1.53,4.2,2,-2.2
19,0,0,0,2,2.5,2,2.75,4.1,4.2,0.06,4.5,4,-0.52,3.8,5,1.16,3.5,3.7,0.17
596,0,0,0,2,2.75,2,2.75,4.7,3.3,-1.47,5.1,3,-2.13,4.5,3,-1.53,4.2,2.2,-2.04
402,1,0,0,3,3.25,2,2.75,5,0.7,-4.28,5.4,1,-4.36,4.8,2,-2.81,4.5,0,-4.51
415,0,0,0,2,1.75,2,2.5,3.2,2.1,-1.14,3.7,3,-0.7,2.9,2,-0.86,2.6,0,-2.6
47,0,0,0,2,2.25,2,2.5,3.7,3.5,-0.23,4.2,5,0.85,3.4,4,0.56,3.1,3,-0.11
483,0,0,0,3,2.75,2,3.25,5.3,5,-0.25,5.6,6,0.38,5.1,5,-0.11,4.8,4,-0.82
226,1,0,0,2,2.75,2,2.75,4.7,2.6,-2.12,5.1,3,-2.13,4.5,4,-0.53,4.2,2.7,-1.54
429,1,0,1,2,2.75,2,2.25,3.9,1.5,-2.43,4.3,2,-2.32,3.6,2,-1.64,3.3,0.3,-2.95
23,0,0,0,2,2.75,3,2.75,4.7,3.4,-1.32,5.1,4,-1.13,4.5,4,-0.53,4.2,3,-1.2
378,0,0,0,2,2.5,2,2.25,3.4,2.1,-1.31,3.9,2,-1.86,3,2,-1.04,2.8,1.5,-1.26
714,0,0,0,3,3.5,3,2.75,5.3,2.2,-3.05,5.6,1,-4.63,5.1,3,-2.11,4.8,0.7,-4.15
638,0,0,1,2,2.75,2,2.75,4.7,3.7,-1.02,5.1,4,-1.13,4.5,4,-0.53,4.2,3,-1.2
947,0,0,0,3,3.25,2,3.5,5.8,5.5,-0.34,6.1,6,-0.08,5.8,5,-0.8,5.5,3.3,-2.13
74,0,0,0,2,2.75,3,2.75,4.7,3.4,-1.32,5.1,4,-1.13,4.5,4,-0.53,4.2,3.3,-0.87
672,0,0,1,2,2.5,1,2.25,3.4,3.3,-0.16,3.9,3,-0.86,3,4,0.95,2.8,2.2,-0.59
864,0,0,1,2,2.25,2,2.5,3.6,3.1,-0.51,4,4,0.01,3.2,3,-0.23,2.9,2.2,-0.76
382,0,0,0,2,2.5,1,1.75,3.2,1.7,-1.6,3.7,1,-2.7,2.9,2,-0.86,2.6,0.7,-1.93
418,1,0,1,2,2.5,1,2.75,4.5,2.4,-2.11,4.9,2,-2.94,4.3,3,-1.28,4,2,-1.97
898,0,0,1,1,2.5,1,1.25,2.9,2.1,-0.81,3.3,3,-0.3,2.4,2,-0.4,2.2,1.2,-1.05
664,0,0,0,3,3.5,3,2.75,5.8,5.2,-0.59,6.1,6,-0.08,5.8,5,-0.8,5.5,4.5,-0.96
85,1,0,0,2,2.5,1,1.5,3.2,1.9,-1.35,3.7,2,-1.7,2.9,2,-0.86,2.6,2,-0.6
530,0,0,0,2,3.25,2,2.75,4.7,5.7,0.98,5.1,7,1.87,4.5,5,0.47,4.2,4,-0.2
883,0,0,0,2,3.25,3,2.5,4.7,4.2,-0.57,5.1,5,-0.13,4.5,4,-0.53,4.2,3.3,-0.87
396,0,0,0,3,3.25,2,3.75,6.4,2.9,-3.53,6.6,2,-4.6,6.6,5,-1.58,6.2,2.8,-3.38
170,0,0,0,2,2.75,2,1.75,3.6,4.4,0.79,4,5,1.01,3.2,3,-0.23,2.9,3.3,0.41
274,1,0,0,2,2.5,2,2.5,3.7,3.1,-0.63,4.2,4,-0.15,3.4,4,0.56,3.1,1.8,-1.27
834,0,1,0,3,3.25,3,3.5,6.1,6.4,0.24,6.3,6,-0.34,6.2,8,1.82,5.8,5.5,-0.32
725,0,0,1,3,3.25,2,3.5,6.1,4.1,-2.06,6.3,4,-2.34,6.2,6,-0.19,5.8,2.3,-3.49
397,1,0,0,3,3.5,3,3.5,6.1,6.3,0.19,6.3,5,-1.34,6.2,9,2.82,5.8,5.2,-0.66
7,1,0,0,2,2.75,3,2.75,4.5,6.2,1.64,4.9,8,3.06,4.3,4,-0.28,4,6.5,2.53
419,0,1,0,3,3.5,2,4.5,6.8,6.5,-0.31,6.9,6,-0.94,7,9,1.99,6.7,4.2,-2.49
106,0,0,0,2,2.25,2,2.5,3.6,4.3,0.69,4,6,2.02,3.2,4,0.76,2.9,2.7,-0.26
621,0,0,1,3,3.5,2,3.5,6.4,7.2,0.77,6.6,7,0.4,6.6,8,1.42,6.2,6.5,0.29
398,1,0,1,2,2.75,2,3.25,5,2.6,-2.38,5.4,4,-1.37,4.8,3,-1.81,4.5,1,-3.51
427,1,0,0,1,1.25,1,2.5,2.8,3.4,0.57,3.2,4,0.81,2.3,3,0.68,2.1,2.8,0.69
216,0,0,0,2,2.5,2,2.25,3.6,3.3,-0.26,4,3,-0.99,3.2,3,-0.23,2.9,2.3,-0.59
452,0,0,0,3,2.5,2,3.75,5,2.9,-2.08,5.4,3,-2.37,4.8,3,-1.81,4.5,1.8,-2.67
124,1,0,0,3,2.75,2,3.25,5.3,4.3,-0.95,5.6,4,-1.63,5.1,5,-0.11,4.8,2.8,-1.99
975,0,1,1,3,3.25,2,3.75,6.1,6,-0.08,6.3,5,-1.34,6.2,6,-0.19,5.8,6.3,0.43
412,0,0,0,3,3.5,3,3.5,6.4,6.2,-0.23,6.6,6,-0.6,6.6,7,0.42,6.2,5.5,-0.71
57,0,0,0,3,3.25,3,3.5,5.8,5.8,-0.04,6.1,5,-1.08,5.8,6,0.2,5.5,3.8,-1.63
182,0,0,0,2,3.25,2,1.75,3.9,3.5,-0.45,4.3,4,-0.32,3.6,2,-1.64,3.3,3,-0.28
408,1,0,0,3,2.75,2,3.5,5,4.8,-0.23,5.4,4,-1.37,4.8,5,0.19,4.5,3.3,-1.17
525,1,0,0,3,3.25,2,3.75,6.4,5.5,-0.98,6.6,5,-1.6,6.6,6,-0.58,6.2,3.3,-2.88
508,0,0,0,2,2.5,2,2.5,3.9,3.7,-0.2,4.3,4,-0.32,3.6,5,1.36,3.3,3,-0.28
515,0,0,0,2,2.75,1,2.5,4.1,5.8,1.66,4.5,4,-0.52,3.8,6,2.16,3.5,5.5,2.01
860,0,0,0,2,2.5,2,2.75,4.1,2,-2.07,4.5,2,-2.53,3.8,3,-0.83,3.5,1.2,-2.33
382,0,0,0,2,2.25,2,3.5,4.5,4.5,-0.01,4.9,5,0.05,4.3,6,1.72,4,3.3,-0.63
585,0,0,0,2,2.5,2,3.25,4.3,4,-0.34,4.7,3,-1.71,4.1,4,-0.06,3.7,3.8,0.11
333,0,0,0,3,3.5,3,3.5,6.1,6.8,0.64,6.3,9,2.66,6.2,6,-0.19,5.8,4.5,-1.32
1007,0,0,0,1,2.25,1,1.5,2.9,1.7,-1.16,3.3,2,-1.3,2.4,1,-1.39,2.2,1.3,-0.88
221,0,0,0,3,2.75,2,3.25,5.3,3.9,-1.35,5.6,4,-1.63,5.1,4,-1.11,4.8,2.8,-1.99
403,1,0,0,2,2.75,3,2.5,4.3,2.4,-1.91,4.7,4,-0.7,4.1,3,-1.06,3.7,1.3,-2.39
881,0,0,0,2,3.25,2,2.5,4.5,3.8,-0.76,4.9,5,0.05,4.3,3,-1.28,4,2.7,-1.3
913,1,0,0,2,3.25,2,2.75,5,6.1,1.07,5.4,6,0.63,4.8,7,2.19,4.5,6,1.49
801,0,0,0,3,2.75,2,3.25,5,4.2,-0.78,5.4,6,0.63,4.8,4,-0.81,4.5,3.3,-1.17
340,1,0,0,3,3.25,2,2.75,5.3,5.8,0.5,5.6,5,-0.63,5.1,5,-0.11,4.8,5,0.18
652,1,1,0,2,2.75,2,2.75,4.5,7.7,3.14,4.9,8,3.06,4.3,7,2.71,4,7,3.03
828,1,0,0,3,3.75,3,3.75,7.2,6.5,-0.72,7.3,6,-1.29,7.5,7,-0.47,7.1,5.5,-1.62
965,0,0,1,3,3.75,2,3.25,6.4,4.7,-1.73,6.6,5,-1.6,6.6,6,-0.58,6.2,3.3,-2.88
116,1,0,0,3,2.75,2,3.5,5.3,3.1,-2.15,5.6,4,-1.63,5.1,4,-1.11,4.8,1.7,-3.15
1005,0,0,1,3,2.5,2,3.5,5,1.1,-3.93,5.4,1,-4.36,4.8,2,-2.81,4.5,0.5,-4.01
972,0,0,0,3,3.5,2,3.25,5.5,4.2,-1.37,5.9,6,0.14,5.4,4,-1.44,5.1,2.7,-2.47
863,0,0,1,1,1.25,1,1.5,2.5,1.4,-1.11,2.9,2,-0.92,2.1,1,-1.08,1.9,0.5,-1.41
331,0,0,0,3,3.5,3,3.75,6.4,8.1,1.67,6.6,9,2.4,6.6,8,1.42,6.2,7,0.79
695,1,0,1,2,2.5,2,2.25,3.9,3.6,-0.35,4.3,3,-1.32,3.6,4,0.36,3.3,3.7,0.38
657,0,0,1,3,3.5,3,3.75,6.8,4.8,-2.06,6.9,3,-3.94,7,7,-0.01,6.7,5,-1.65
809,1,0,0,2,2.5,2,2.25,3.6,2.6,-0.98,4,3,-0.99,3.2,2,-1.24,2.9,2.3,-0.59
59,1,0,0,3,3.5,3,3.75,6.8,6.1,-0.71,6.9,7,0.06,7,8,0.99,6.7,5.5,-1.15
42,1,0,0,3,3.5,3,3.5,6.8,4.2,-2.66,6.9,7,0.06,7,5,-2.02,6.7,3,-3.65
534,0,0,0,3,3.25,3,3.5,5.8,6.4,0.56,6.1,7,0.92,5.8,6,0.2,5.5,5.5,0.04
585,0,0,1,1,1.5,1,1.25,2.5,2.3,-0.23,2.9,3,0.09,2.1,2,-0.08,1.9,0.7,-1.24
583,1,0,0,2,2.5,2,2.25,3.7,4.4,0.66,4.2,5,0.83,3.4,4,0.56,3.3,4,0.69
809,1,0,0,2,2.75,3,2.75,4.5,4.1,-0.44,4.9,5,0.1,4.3,4,-0.31,4.2,3,-1.21
714,0,0,0,3,3.25,2,3.5,6.1,3.4,-2.66,6.2,8,1.76,6.1,4,-2.13,6,1,-5.04
4,1,0,0,2,2.5,3,3.25,4.5,2.2,-2.31,4.9,2,-2.89,4.3,4,-0.31,4.2,1,-3.21
387,1,0,0,1,1.75,1,1.5,2.8,2.4,-0.39,3.3,3,-0.29,2.4,2,-0.4,2.4,2.3,-0.06
706,0,0,1,2,1.5,1,2.5,3.2,2.7,-0.55,3.7,2,-1.73,2.9,4,1.09,2.8,2.7,-0.18
541,0,0,0,3,3.25,3,3.25,5.2,2.7,-2.53,5.6,3,-2.58,5.1,3,-2.13,5.1,2.7,-2.4
548,0,0,0,2,2.5,2,3.25,4.7,4,-0.73,5.1,5,-0.13,4.6,4,-0.57,4.5,3.3,-1.16
383,0,1,1,2,2.5,1,2.25,3.7,4.3,0.56,4.2,4,-0.17,3.4,4,0.56,3.3,3.3,0.02
658,0,0,0,3,3.25,2,2.75,5,3.3,-1.67,5.3,3,-2.34,4.8,4,-0.83,4.8,4,-0.76
644,1,0,0,3,3.5,3,4.25,6.4,4.3,-2.14,6.5,4,-2.49,6.5,5,-1.51,6.4,4,-2.41
666,0,0,0,3,3.25,2,3.25,5.5,6.2,0.7,5.8,6,0.2,5.4,7,1.56,5.4,6.3,0.95
947,1,0,0,2,2.75,2,2.75,4.7,5.9,1.17,5.1,8,2.88,4.6,5,0.43,4.5,5.7,1.18
946,0,0,0,2,3.25,2,2.75,5,4.9,-0.07,5.3,4,-1.34,4.8,5,0.17,4.8,3.7,-1.1
320,0,0,0,3,3.75,3,3.75,7.7,7,-0.7,7.6,8,0.38,7.9,7,-0.88,7.9,6,-1.87
376,1,0,0,1,2.25,2,1.5,2.9,0.9,-1.98,3.4,3,-0.38,2.5,1,-1.48,2.5,0,-2.48
228,1,0,0,2,2.75,2,2.25,3.7,1.8,-1.94,4.2,2,-2.16,3.4,1,-2.43,3.3,2,-1.31
825,0,0,0,1,1.5,1,1.5,2.5,1,-1.5,2.9,2,-0.93,2.1,1,-1.09,2.1,0.3,-1.77
172,1,0,0,3,3.5,2,3.5,6.1,1.7,-3.7,6.2,2,-4.24,6.1,3,-3.13,6,0.7,-5.37
888,1,0,1,1,1.75,2,1.75,2.9,2.3,-0.58,3.4,3,-0.38,2.5,2,-0.47,2.5,0.7,-1.81
1019,0,0,0,3,3.5,2,3.25,5.5,3.6,-1.9,5.8,3,-2.8,5.4,3,-2.44,5.4,3.7,-1.72
572,0,0,0,2,2.5,2,2.75,4.1,1.8,-2.29,4.5,2,-2.53,3.9,1,-2.89,3.8,1.3,-2.42
1023,1,1,0,3,3.25,2,3.25,5.5,4.4,-1.1,5.8,3,-2.8,5.4,7,1.56,5.4,4.7,-0.72
738,0,0,1,2,2.5,2,2.5,3.9,4.5,0.58,4.3,6,1.67,3.6,3,-0.64,3.5,4.3,0.82
622,0,0,1,2,2.5,2,2.25,3.5,1.7,-1.86,4,2,-2.01,3.3,1,-2.25,3.1,1,-2.15
406,0,0,0,3,3.5,2,2.75,5.2,4.2,-1.08,5.6,5,-0.57,5.1,4,-1.13,5.1,3.3,-1.73
15,0,0,0,3,3.25,2,3.25,5.2,6.8,1.52,5.6,6,0.43,5.1,8,2.87,5.1,7.7,2.6
473,1,0,1,3,3.25,2,3.25,5.2,4.2,-1.03,5.6,4,-1.58,5.1,6,0.87,5.1,5.3,0.27
143,0,0,0,2,2.75,2,2.5,4.5,3.2,-1.29,4.9,3,-1.89,4.3,4,-0.31,4.2,3,-1.21
301,1,0,0,3,3.25,3,2.75,5,3.3,-1.67,5.3,5,-0.34,4.8,4,-0.83,4.8,1,-3.76
188,0,0,1,3,3.25,2,3.5,5.8,2.8,-2.96,6,3,-3.01,5.8,3,-2.77,5.7,2.3,-3.36
772,0,0,0,3,3.5,3,3.5,6.4,4.8,-1.59,6.5,4,-2.49,6.5,6,-0.51,6.4,5,-1.41
303,0,0,0,2,2.5,2,2.5,3.9,4,0.08,4.3,4,-0.33,3.6,3,-0.64,3.5,3,-0.52
769,0,0,1,2,2.25,2,2.75,3.7,4.5,0.76,4.2,5,0.83,3.4,4,0.56,3.3,3.3,0.02
567,0,0,1,3,3.5,3,2.75,5.5,5,-0.55,5.8,5,-0.8,5.4,4,-1.44,5.4,3.7,-1.72
917,1,0,1,3,2.75,3,3.5,5.2,3.4,-1.83,5.6,3,-2.58,5.1,4,-1.13,5.1,3.3,-1.73
503,0,0,0,3,2.75,3,3.75,6.1,4.7,-1.36,6.2,4,-2.23,6.1,6,-0.13,6,4.3,-1.7
388,0,0,0,3,3.25,3,3.75,6.4,4.2,-2.19,6.5,3,-3.49,6.5,5,-1.51,6.4,3.7,-2.75
342,0,0,1,2,2.75,3,2.25,4.1,1.9,-2.19,4.5,4,-0.53,3.9,2,-1.89,3.8,1.3,-2.42
42,0,0,0,2,2.25,2,2.75,3.9,4.3,0.43,4.3,4,-0.33,3.6,4,0.36,3.5,4,0.48
98,0,0,0,3,3.5,3,3.5,5.8,5.5,-0.26,6,7,1,5.8,5,-0.76,5.7,4.7,-1.02
759,0,0,1,2,2.25,2,2.25,3.2,3.6,0.35,3.7,3,-0.73,2.9,5,2.09,2.8,3,0.15
133,0,0,0,2,3.25,2,2.5,4.5,5.6,1.11,4.9,5,0.1,4.3,4,-0.31,4.2,4.3,0.12
324,0,0,1,2,2.75,2,2.25,4.1,4.1,0.01,4.5,5,0.47,3.9,4,0.1,3.8,3,-0.76
436,0,0,0,3,3.5,4,2.5,5,4.4,-0.57,5.3,7,1.66,4.8,3,-1.84,4.8,1.7,-3.1
104,0,0,0,2,2.5,2,2.25,3.5,2.4,-1.18,4,2,-2.01,3.3,2,-1.25,3.1,1.3,-1.82
377,1,0,1,3,3.25,2,3.75,6.4,5.8,-0.64,6.5,6,-0.49,6.5,7,0.49,6.4,5,-1.41
602,0,0,0,3,3.5,3,3.75,7.2,6.8,-0.4,7.2,7,-0.18,7.4,6,-1.38,7.3,6.7,-0.67
667,1,0,0,2,2.25,2,3.25,4.1,2.7,-1.39,4.5,3,-1.53,3.9,3,-0.89,3.8,2,-1.76
631,1,0,0,2,1.5,2,3.25,3.7,2.9,-0.84,4.2,2,-2.16,3.4,3,-0.44,3.3,0.7,-2.64
1,0,0,0,3,3.5,2,2.75,5,2.1,-2.87,5.3,3,-2.34,4.8,2,-2.84,4.8,0.3,-4.43
595,0,0,0,3,3.5,2,3.75,6.8,4.7,-2.11,6.8,3,-3.8,6.9,6,-0.92,6.8,5,-1.84
730,1,0,1,1,2.25,1,1.25,2.7,1.6,-1.13,3.2,3,-0.17,2.3,1,-1.3,2.3,0.3,-1.99
438,0,0,0,2,2.75,2,3.25,4.7,3,-1.73,5.1,3,-2.13,4.6,3,-1.58,4.5,2.7,-1.82
828,0,0,0,3,3.5,2,3.25,5.5,2.2,-3.3,5.8,2,-3.8,5.4,3,-2.44,5.4,0.7,-4.72
201,0,0,0,2,2.75,2,2.75,4.5,6,1.51,4.9,7,2.11,4.3,5,0.69,4.2,5,0.79
699,1,0,0,2,2.75,2,2.75,4.5,4.5,0.01,4.9,6,1.11,4.3,4,-0.31,4.2,4.3,0.12
692,0,0,0,3,2.75,3,3.5,5.5,4.3,-1.25,5.8,5,-0.8,5.4,5,-0.44,5.4,3,-2.38
801,0,0,0,3,3.25,3,2.75,5,5.8,0.78,5.3,7,1.66,4.8,5,0.17,4.8,5.3,0.57
329,0,1,0,3,3.5,3,4.25,6.8,7,0.24,6.8,6,-0.8,6.9,8,1.09,6.8,7.7,0.83
577,0,1,0,3,3.25,2,3.25,5.8,6.9,1.14,6,7,1,5.8,7,1.24,5.7,7,1.31
705,1,0,0,2,2.5,3,2.25,3.5,4.2,0.67,4,5,0.99,3.3,2,-1.25,3.1,3.3,0.18
704,0,0,0,2,2.5,2,2.75,4.1,5.6,1.46,4.5,6,1.47,3.9,5,1.11,3.8,4.7,0.91
34,1,0,1,2,2.75,2,2.5,4.3,2.6,-1.68,4.7,3,-1.71,4.1,2,-2.08,4,2.7,-1.3
61,0,0,1,2,2.25,3,2.75,4.1,3.7,-0.39,4.5,4,-0.53,3.9,4,0.1,3.8,3.3,-0.42
355,0,0,0,2,2.75,2,2.75,4.7,6.3,1.52,5.1,8,2.88,4.6,6,1.42,4.5,5.3,0.84
759,1,0,0,2,3.5,2,2.5,5,4.4,-0.62,5.3,5,-0.34,4.8,3,-1.84,4.8,3.7,-1.1
511,1,0,0,1,2.25,2,1.75,3.1,3.9,0.72,3.6,4,0.38,2.8,3,0.22,2.7,2.7,-0.08
38,0,0,0,2,2.75,2,2.75,4.5,6.6,2.11,4.9,7,2.11,4.3,6,1.68,4.2,6.3,2.12
897,0,0,0,3,3.25,3,2.75,5,6.6,1.63,5.3,8,2.66,4.8,5,0.17,4.8,6.3,1.57
731,0,0,1,2,2.5,2,2.5,3.9,4.3,0.38,4.3,5,0.67,3.6,3,-0.64,3.5,3.3,-0.18
304,1,0,1,3,3.5,2,3.25,5.5,4.3,-1.2,5.8,7,1.21,5.4,4,-1.44,5.4,3.7,-1.72
749,0,0,0,3,2.75,2,3.5,5.5,2.5,-3,5.8,3,-2.8,5.4,4,-1.44,5.4,0,-5.38
265,0,0,1,2,2.75,2,2.25,3.9,6,2.13,4.3,9,4.67,3.6,4,0.36,3.5,5.3,1.82
455,1,0,0,2,2.25,2,2.75,3.7,3.2,-0.49,4.2,3,-1.16,3.4,4,0.56,3.3,2.7,-0.64
506,1,1,0,3,3.25,2,4.25,6.1,7.2,1.09,6.2,8,1.76,6.1,8,1.88,6,6.3,0.3
294,1,0,0,3,3.5,3,2.75,5.8,4.1,-1.71,6,6,0,5.8,4,-1.76,5.7,2.7,-3.02
359,1,0,0,2,2.25,2,2.75,3.9,0.4,-3.47,4.3,1,-3.33,3.6,1,-2.64,3.5,0,-3.52
917,1,0,0,2,2.5,2,2.75,4.1,2.5,-1.59,4.5,2,-2.53,3.9,3,-0.89,3.8,2,-1.76
514,1,0,0,2,2.5,2,2.5,3.7,4.9,1.16,4.2,5,0.83,3.4,4,0.56,3.3,5,1.69
47,1,0,0,3,3.5,3,3.25,5.8,5.7,-0.06,6,6,0,5.8,5,-0.76,5.7,6,0.31
881,1,0,0,3,3.5,2,2.75,5.5,2.7,-2.83,5.8,3,-2.8,5.4,3,-2.44,5.4,2.7,-2.72
728,0,0,0,2,2.75,2,2.5,4.3,4.9,0.62,4.7,7,2.29,4.1,4,-0.08,4,3.3,-0.63
218,0,0,1,2,2.5,2,2.25,3.7,2.2,-1.49,4.2,3,-1.16,3.4,2,-1.43,3.3,0.7,-2.64
375,0,0,0,3,3.5,2,4.75,6.1,4.4,-1.71,6.2,5,-1.24,6.1,5,-1.13,6,4,-2.04
38,0,0,0,2,2.75,1,2.5,4.1,2.6,-1.49,4.5,2,-2.53,3.9,3,-0.89,3.8,2.3,-1.42
299,1,1,1,1,1.25,2,2.75,3.1,3.5,0.32,3.6,4,0.38,2.8,3,0.22,2.7,1.7,-1.08
557,1,0,1,3,3.5,2,4.25,7.2,4.5,-2.75,7.2,4,-3.18,7.4,5,-2.38,7.3,4.3,-3
1008,0,0,0,2,2.25,2,2.25,3.5,0.9,-2.63,4,1,-3.01,3.3,1,-2.25,3.1,1,-2.15
838,0,0,0,2,2.5,2,2.5,3.7,2,-1.69,4.2,3,-1.16,3.4,3,-0.44,3.3,0,-3.31
1032,0,0,0,2,1.5,2,2.75,3.5,3,-0.58,4,3,-1.01,3.3,4,0.75,3.1,1,-2.15
431,1,1,0,2,2.25,2,2.25,3.2,1.1,-2.12,3.7,2,-1.73,2.9,1,-1.91,2.8,0.3,-2.51
179,1,0,1,2,2.25,1,2.25,3.4,1.8,-1.57,3.9,2,-1.86,3.1,2,-1.06,3,1,-1.97
558,0,0,0,2,3.25,2,2.75,4.7,4.8,0.02,5.1,6,0.88,4.6,4,-0.57,4.5,3.3,-1.16
450,1,1,0,2,2.75,2,2.75,4.7,4.4,-0.33,5.1,5,-0.13,4.6,5,0.43,4.5,4.3,-0.16
375,0,0,0,2,2.75,2,2.75,4.5,2.6,-1.89,4.9,4,-0.89,4.3,3,-1.32,4.2,0.7,-3.55
838,0,0,0,2,2.5,2,2.25,3.5,3.3,-0.28,4,3,-1.01,3.3,4,0.75,3.1,1.7,-1.48
210,0,1,0,3,2.5,2,3.75,5.5,5.9,0.4,5.8,4,-1.79,5.4,7,1.56,5.4,6,0.62
564,0,0,0,3,3.75,2,2.5,5,4.7,-0.32,5.3,6,0.66,4.8,4,-0.83,4.8,4,-0.76
315,0,1,0,3,2.75,3,3.5,5.2,6,0.77,5.6,6,0.43,5.1,7,1.87,5.1,6,0.93
24,0,1,0,2,3.25,2,2.5,4.5,4.9,0.41,4.9,4,-0.89,4.3,4,-0.31,4.2,5,0.79
473,1,0,0,2,3.25,2,2.75,4.7,3.1,-1.63,5.1,4,-1.13,4.6,3,-1.58,4.5,1,-3.49
403,0,1,0,3,3.25,3,3.25,5.2,4.9,-0.33,5.6,6,0.43,5.1,5,-0.14,5.1,4.3,-0.73
336,1,0,0,3,3.5,3,3.25,6.1,5,-1.06,6.2,6,-0.23,6.1,5,-1.13,6,4.7,-1.37
517,1,0,0,3,3.5,2,3.25,5.5,0.8,-3.7,5.8,2,-3.8,5.4,1,-4.44,5.4,0,-5.38
635,0,0,0,3,3.25,2,2.75,5,3.8,-1.22,5.3,4,-1.34,4.8,4,-0.83,4.8,3.3,-1.43
1031,0,0,1,2,2.5,2,3.25,4.7,5.7,0.92,5.1,5,-0.13,4.6,6,1.42,4.5,5,0.51
630,0,0,0,3,3.5,2,3.75,6.8,5.9,-0.86,6.8,6,-0.8,6.9,5,-1.91,6.8,5.7,-1.17
972,0,0,1,2,2.5,2,2.25,3.5,2.1,-1.48,4,2,-2.01,3.3,2,-1.25,3.1,0.3,-2.82
827,0,0,0,2,2.75,3,3.25,5,6.2,1.23,5.3,6,0.66,4.8,6,1.16,4.8,5.7,0.9
415,0,0,0,3,2.75,2,3.25,5,4,-0.97,5.3,5,-0.34,4.8,4,-0.83,4.8,3,-1.76
692,0,0,0,1,1.75,2,1.75,3,3.1,0.1,3.5,4,0.52,2.6,3,0.37,2.6,1.7,-0.93
606,0,0,0,2,2.5,2,3.5,4.7,4.7,-0.08,5.1,3,-2.13,4.6,6,1.42,4.5,5,0.51
733,1,0,0,2,2.25,2,2.25,3.2,3.7,0.46,3.7,3,-0.73,2.9,4,1.09,2.8,3.7,0.82
818,1,0,1,1,2.5,2,1.25,3,1,-2,3.5,3,-0.48,2.6,1,-1.63,2.6,0,-2.6
961,1,0,1,1,1.5,2,2.25,2.9,2.8,-0.13,3.4,2,-1.38,2.5,2,-0.47,2.5,2.3,-0.15
1004,1,0,0,2,3.25,3,2.5,4.7,3.9,-0.83,5.1,5,-0.13,4.6,4,-0.57,4.5,3.3,-1.16
44,0,0,0,1,1.25,1,1.75,2.6,2.6,0.03,3,3,-0.05,2.2,4,1.82,2.2,0.3,-1.86
745,1,0,1,2,2.5,2,2.5,3.9,3.3,-0.62,4.3,3,-1.33,3.6,3,-0.64,3.5,1.7,-1.85
852,0,0,0,3,3.5,2,3.25,5.8,4.6,-1.21,6,5,-1,5.8,3,-2.77,5.7,4.3,-1.36
525,0,0,0,2,2.75,3,2.5,4.3,3.2,-1.13,4.7,5,0.29,4.1,2,-2.08,4,1,-2.97
387,0,0,1,3,3.5,3,3.5,6.8,7,0.24,6.8,8,1.21,6.9,6,-0.92,6.8,7,0.16
945,0,1,1,2,3.25,2,2.25,4.3,3.2,-1.08,4.7,4,-0.71,4.1,2,-2.08,4,2.3,-1.63
581,1,0,0,2,2.5,2,2.75,3.9,3.5,-0.37,4.3,3,-1.33,3.6,3,-0.64,3.5,3,-0.52
955,0,0,0,3,3.75,3,3.25,6.1,4.5,-1.56,6.2,5,-1.24,6.1,5,-1.13,6,4,-2.04
75,0,0,0,2,2.75,2,2.5,4.3,6.1,1.77,4.7,6,1.29,4.1,5,0.92,4,5.7,1.7
689,0,0,0,2,2.5,3,3.25,4.7,7.4,2.62,5.1,8,2.88,4.6,7,2.42,4.5,7.3,2.84
552,0,0,0,3,2.75,2,3.25,5.2,4.5,-0.78,5.6,4,-1.58,5.1,6,0.87,5.1,4,-1.07
61,0,1,0,2,2.25,2,2.5,3.5,2.6,-0.93,4,2,-2.01,3.3,4,0.75,3.1,0.7,-2.48
16,1,0,0,2,2.75,2,2.25,3.7,4.2,0.51,4.2,6,1.84,3.4,3,-0.44,3.3,4,0.69
865,0,0,0,3,3.25,3,3.5,5.5,7,1.5,5.8,7,1.21,5.4,7,1.56,5.4,7.7,2.28
720,0,0,0,3,3.25,2,3.25,5.8,4.8,-0.96,6,5,-1,5.8,5,-0.76,5.7,3.3,-2.36
155,0,1,0,1,1.25,2,2.5,2.9,3.8,0.92,3.4,5,1.62,2.5,3,0.52,2.5,3.7,1.19
308,1,0,0,3,3.25,3,3.5,6.1,5,-1.11,6.2,3,-3.23,6.1,6,-0.13,6,5,-1.04
792,0,0,0,2,2.75,2,2.75,4.5,6.1,1.61,4.9,7,2.11,4.3,5,0.69,4.2,5.7,1.45
709,1,0,1,2,1.75,2,2.5,3.2,1.4,-1.85,3.7,2,-1.73,2.9,2,-0.91,2.8,0.3,-2.51
814,0,1,0,2,2.5,2,2.5,4.1,4.2,0.11,4.5,5,0.47,3.9,3,-0.89,3.8,3.7,-0.09
661,1,0,1,2,2.5,2,2.5,3.9,2.9,-1,4.3,4,-0.33,3.6,3,-0.64,3.5,2.3,-1.18
2,0,0,1,3,2.75,3,3.75,5.5,5.8,0.25,5.8,5,-0.8,5.4,7,1.56,5.4,5.3,-0.05
526,0,1,1,2,2.25,1,2.75,3.9,4,0.13,4.3,4,-0.33,3.6,4,0.36,3.5,3.3,-0.18
801,0,1,0,1,2.25,2,1.5,3,3.3,0.25,3.5,4,0.52,2.6,2,-0.63,2.6,2.7,0.07
1021,0,0,1,1,2.5,2,1.5,3.1,3.4,0.22,3.6,2,-1.62,2.8,3,0.22,2.7,3.7,0.92
1010,0,0,0,3,3.5,2,3.5,6.1,5.1,-1.01,6.2,5,-1.24,6.1,5,-1.13,6,5.3,-0.7
578,0,0,0,3,3.25,2,3.25,5.2,5.8,0.57,5.6,5,-0.57,5.1,6,0.87,5.1,6,0.93
4,0,0,1,2,2.5,2,1.75,3.4,4.5,1.08,3.9,5,1.14,3.1,3,-0.06,3,3.7,0.7
367,1,0,1,1,1.25,2,1.75,2.7,3.8,1.09,3.2,5,1.84,2.3,3,0.7,2.3,3.3,1.01
324,1,0,0,2,2.25,2,3.25,4.3,4.6,0.27,4.7,4,-0.71,4.1,5,0.92,4,3.7,-0.3
906,0,0,0,2,2.5,2,2.5,3.9,1.7,-2.17,4.3,2,-2.33,3.6,2,-1.64,3.5,0.3,-3.18
881,0,0,1,2,3.25,2,2.25,4.3,3.5,-0.78,4.7,4,-0.71,4.1,3,-1.08,4,3,-0.97
186,0,0,0,3,3.5,3,3.5,6.8,8.5,1.69,6.8,9,2.2,6.9,8,1.09,6.8,9,2.16
214,1,0,0,2,1.75,2,2.25,3.1,3.3,0.12,3.6,3,-0.62,2.8,3,0.22,2.7,2.7,-0.08
641,1,0,0,2,2.5,2,2.75,4.3,2.7,-1.58,4.7,3,-1.71,4.1,3,-1.08,4,1.7,-2.3
82,1,0,0,2,1.5,2,2.5,3.1,2.7,-0.48,3.6,3,-0.62,2.8,3,0.22,2.7,0.3,-2.41
838,0,0,0,2,3.5,3,2.5,5,4.8,-0.17,5.3,6,0.66,4.8,4,-0.83,4.8,4.3,-0.43
25,0,0,0,2,2.25,2,2.5,3.4,2.3,-1.07,3.9,2,-1.86,3.1,3,-0.06,3,0.7,-2.3
1005,0,0,0,3,3.75,2,2.5,5.2,4.5,-0.73,5.6,3,-2.58,5.1,4,-1.13,5.1,5.3,0.27
455,0,0,0,3,3.5,2,3.25,5.8,3.8,-1.96,6,4,-2.01,5.8,5,-0.76,5.7,3.7,-2.02
835,0,1,0,2,1.75,2,2.75,3.5,5.3,1.77,4,5,0.99,3.3,7,3.75,3.1,4.7,1.52
815,1,0,1,2,3.25,2,2.5,4.3,3.3,-0.98,4.7,4,-0.71,4.1,3,-1.08,4,2.7,-1.3
54,0,0,0,2,3.25,3,2.25,4.1,3,-1.14,4.5,5,0.47,3.9,2,-1.89,3.8,0.7,-3.09
137,0,0,1,2,2.75,3,2.5,4.3,5.3,1.02,4.7,5,0.29,4.1,6,1.92,4,5.3,1.37
491,0,0,0,3,2.75,2,3.25,5,2.7,-2.32,5.3,3,-2.34,4.8,3,-1.84,4.8,0.7,-4.1
601,0,0,0,3,3.5,2,3.25,6.1,4.4,-1.71,6.2,4,-2.23,6.1,4,-2.13,6,3.7,-2.37
292,0,0,0,2,3.25,3,2.75,5,5.5,0.48,5.3,6,0.66,4.8,5,0.17,4.8,5,0.24
535,0,0,1,2,2.5,2,2.25,3.7,4.7,0.96,4.2,3,-1.16,3.4,4,0.56,3.3,5.7,2.36
583,1,0,1,2,2.25,2,2.5,3.5,4.4,0.87,4,4,-0.01,3.3,4,0.75,3.1,4.3,1.18
397,1,0,1,2,2.75,3,3.25,4.7,4.6,-0.18,5.1,4,-1.13,4.6,5,0.43,4.5,4.3,-0.16
288,0,0,0,3,3.25,2,3.5,6.1,3.8,-2.26,6.2,3,-3.23,6.1,4,-2.13,6,4,-2.04
333,0,0,0,2,2.75,2,2.5,4.3,4.4,0.12,4.7,4,-0.71,4.1,5,0.92,4,3.7,-0.3
246,0,0,0,1,1.25,1,2.5,2.9,5,2.12,3.4,4,0.62,2.5,5,2.53,2.5,5.5,3.02
338,0,0,0,1,1.25,1,1.5,2.5,1.7,-0.78,2.9,2,-0.93,2.1,1,-1.09,2.1,1,-1.11
815,0,1,0,3,2.75,2,3.5,5.2,4.1,-1.18,5.6,4,-1.58,5.1,5,-0.14,5.1,3.3,-1.73
584,0,0,0,2,3.5,2,2.5,4.7,3.9,-0.88,5.1,5,-0.13,4.6,3,-1.58,4.5,2.7,-1.82
796,0,0,0,2,2.5,2,2.5,3.7,3.9,0.16,4.2,5,0.83,3.4,3,-0.44,3.3,3.3,0.02
272,0,0,0,2,2.5,2,2.75,4.3,4,-0.28,4.7,4,-0.71,4.1,4,-0.08,4,4,0.03
900,1,0,0,2,2.5,2,2.25,3.9,2.4,-1.47,4.3,3,-1.33,3.6,2,-1.64,3.5,2,-1.52
282,1,0,0,2,2.25,2,2.75,4.1,2.9,-1.19,4.5,4,-0.53,3.9,2,-1.89,3.8,0.7,-3.09
606,0,1,0,3,3.5,2,3.5,6.4,4.8,-1.64,6.5,6,-0.49,6.5,4,-2.52,6.4,4,-2.41
299,0,0,0,2,2.5,3,2.5,3.9,3.2,-0.67,4.3,5,0.67,3.6,3,-0.64,3.5,0.7,-2.85
19,0,0,1,2,2.5,2,1.75,3.1,3.6,0.42,3.6,5,1.38,2.8,2,-0.77,2.7,2.7,-0.08
920,0,0,1,2,2.75,2,2.75,4.5,2.3,-2.19,4.9,3,-1.89,4.3,3,-1.32,4.2,0.3,-3.88
397,0,0,0,3,3.25,2,2.75,5,3.3,-1.67,5.3,3,-2.34,4.8,4,-0.83,4.8,0.3,-4.43
623,0,1,0,1,1.5,1,1.75,2.8,4.6,1.81,3.3,4,0.7,2.4,4,1.61,2.4,5.8,3.44
1012,0,0,1,1,1.25,1,1.5,2.3,1.8,-0.5,2.7,2,-0.71,1.8,1,-0.83,1.9,1.3,-0.57
292,1,0,1,1,2.25,2,1.75,3,3.4,0.41,3.5,5,1.52,2.6,3,0.37,2.6,1,-1.6
1035,0,0,0,2,2.5,2,2.5,3.7,2.1,-1.59,4.2,3,-1.16,3.4,2,-1.43,3.3,0.3,-2.98
150,0,0,1,3,3.25,2,3.5,5.5,4.4,-1.1,5.8,5,-0.8,5.4,4,-1.44,5.4,3.7,-1.72
136,0,0,0,2,2.25,3,3.25,4.1,3.7,-0.39,4.5,4,-0.53,3.9,4,0.1,3.8,0.7,-3.09
174,1,0,0,2,2.5,2,2.5,3.9,5,1.08,4.3,6,1.67,3.6,4,0.36,3.5,4.3,0.82
812,1,0,0,2,3.5,1,2.25,4.3,3.1,-1.18,4.7,3,-1.71,4.1,3,-1.08,4,3,-0.97
425,1,0,1,3,3.5,2,3.25,5.5,5.2,-0.3,5.8,6,0.2,5.4,4,-1.44,5.4,5.3,-0.05
376,1,0,0,2,3.25,2,2.5,4.7,1.7,-3.03,5.1,4,-1.13,4.6,3,-1.58,4.5,1,-3.49
11,0,0,0,2,2.5,2,2.25,3.7,3.6,-0.09,4.2,5,0.83,3.4,3,-0.44,3.3,2.3,-0.98
